,,,,intercept,stiffness,MSE,R2,inverted
TF01,ipsilateral,0.189,CP,-0.04465720886553315,1.2139273677925007,8.895322284504438e-06,0.9910818652474646,False
TF01,ipsilateral,0.189,ERP,0.33239882303399637,4.365639075433315,0.008228563201219176,0.9686272891660109,False
TF01,ipsilateral,0.189,LRP,-0.22676890822717233,5.4070645475999,0.0011582619781015978,0.9962946008274871,False
TF01,ipsilateral,0.252,CP,-0.08918175477947171,1.2344834800130864,0.0001345588778160238,0.9262891809501703,False
TF01,ipsilateral,0.252,ERP,0.3461529646983242,4.095443387501884,0.006574703666024946,0.978545601377864,False
TF01,ipsilateral,0.252,LRP,-0.23512879336377973,5.275971315313274,0.0005869117198657137,0.9982138218647431,False
TF01,ipsilateral,0.315,CP,-0.1221544314796806,0.9304786698237917,0.00038234680494443645,0.7332652678702933,False
TF01,ipsilateral,0.315,ERP,0.33966030283210824,3.943935094467602,0.003670913698954429,0.9898679114224035,False
TF01,ipsilateral,0.315,LRP,-0.3284806723453016,5.274949519012687,0.0009373312382899192,0.997545473360838,False
TF01,ipsilateral,0.378,CP,-0.13181436197948915,0.8255878153269992,0.0006286760784188925,0.6397219096214952,False
TF01,ipsilateral,0.378,ERP,0.2537653541910423,3.819982683990483,0.03916458819196918,0.9014084748000415,False
TF01,ipsilateral,0.378,LRP,0.06604056106096554,0.22135927927536528,2.1768722533906047e-05,0.046006500104445625,True
TF01,ipsilateral,0.441,CP,-0.15988026995928611,0.7362236842938426,0.001495812704775828,0.40976919956808966,False
TF01,ipsilateral,0.441,ERP,0.3841200166599497,3.828704727331387,0.0010902736899261588,0.9973611549692989,False
TF01,ipsilateral,0.441,LRP,-0.2949669363612186,5.460621008087048,0.0007546662025102354,0.9983681060957061,False
TF01,contralateral,0.189,CP,-0.02012836757229647,0.5649704441601724,1.6336129953004986e-05,0.9623919053328421,False
TF01,contralateral,0.189,ERP,0.2901484935881592,3.550709995982034,0.0005090099126556781,0.9905313224574493,False
TF01,contralateral,0.189,LRP,0.45984991933932967,2.3649417243018322,0.00033050744385103997,0.98893835250609,False
TF01,contralateral,0.189,DP,0.2726381521641916,2.5546778584948466,0.0017513562705894048,0.9898135962341212,False
TF01,contralateral,0.252,CP,-0.04837778662492396,0.6763189254834655,0.00032643789809532424,0.7558501182151242,False
TF01,contralateral,0.252,ERP,0.38674228930838445,3.645539597064287,0.0003145420234100401,0.9949739835947514,False
TF01,contralateral,0.252,LRP,0.3101222052170223,4.526072025574513,2.8188000120389886e-05,0.99964015072577,False
TF01,contralateral,0.252,DP,0.5674030145323334,3.312176459116935,0.0069293640586536994,0.9803374992527325,False
TF01,contralateral,0.315,CP,-0.0741474304054475,0.42130217400395753,0.00032753119067303936,0.6037167447734286,False
TF01,contralateral,0.315,ERP,0.4951989191856926,3.6001906667048784,0.00018073589884079393,0.9969105116431358,False
TF01,contralateral,0.315,LRP,0.38890073317621543,5.509828243350299,0.00027282790142857177,0.9975404366532322,False
TF01,contralateral,0.315,DP,0.9718763476280056,3.3576279475410615,0.00691668301479087,0.9864948444916664,False
TF01,contralateral,0.378,CP,-0.09263413681790472,0.41514298491535945,0.0004574050647515096,0.5305998723907408,False
TF01,contralateral,0.378,ERP,0.5575861000481982,3.6650527014042638,0.0005471927459789718,0.9909185945493866,False
TF01,contralateral,0.378,LRP,0.2592650323337591,7.8323823511376975,0.0016971153209341646,0.9887776137520636,False
TF01,contralateral,0.378,DP,1.379501456251114,3.2454772896453945,0.009585797634227374,0.985893664010842,False
TF01,contralateral,0.441,CP,-0.1655760786791858,-0.015546317026530417,0.0031231814595628804,0.00024594173976677514,False
TF01,contralateral,0.441,ERP,0.6393403694810023,3.3165192477068577,0.0031198978320702156,0.9528929840083878,False
TF01,contralateral,0.441,LRP,-0.30238356633836294,13.340113542459282,0.003307482096642295,0.971691313064064,False
TF01,contralateral,0.441,DP,1.759463061668218,3.545382252492582,0.010521292804445692,0.987556489649285,False
TF02,ipsilateral,0.127,CP,-0.03550312884693256,0.9895328106152578,3.261114904448622e-05,0.9006601586391867,False
TF02,ipsilateral,0.127,ERP,0.2212459651447067,4.656741799748538,0.0003174862758974679,0.9955984745466695,False
TF02,ipsilateral,0.127,LRP,-0.09985326455668242,5.694451273176701,0.0015886313705138137,0.9628681753609692,False
TF02,ipsilateral,0.159,CP,-0.05502011541489286,0.7799526194474197,7.7088589540743e-05,0.6298498508324127,False
TF02,ipsilateral,0.159,ERP,0.19587665000477938,4.6604671818617085,0.00045608439707320883,0.9937934200730139,False
TF02,ipsilateral,0.159,LRP,-0.151314702093521,6.3253925000201265,0.0011949426704579188,0.9763599172058086,False
TF02,ipsilateral,0.19,CP,-0.04792532731303334,0.8138747119019475,7.303562938011982e-05,0.7502995282193888,False
TF02,ipsilateral,0.19,ERP,0.20509551526568542,4.543055182348147,0.00030765563368433265,0.9969274361132043,False
TF02,ipsilateral,0.19,LRP,-0.12466170844215108,6.198492136637857,0.0008432781955957235,0.9890351865638183,False
TF02,ipsilateral,0.222,CP,-0.05144377952656302,0.7758138600272089,0.00019902446149632462,0.5423794186811468,False
TF02,ipsilateral,0.222,ERP,0.22280028503460225,4.19546221418485,4.767100853146407e-06,0.9997470791956046,False
TF02,ipsilateral,0.222,LRP,0.2437045299136239,4.431749542946814,9.424104399051115e-05,0.9973042354530371,False
TF02,contralateral,0.127,CP,-0.03029919528659478,0.3034288777724187,3.4029411123361862e-06,0.9624678198763267,False
TF02,contralateral,0.127,ERP,0.1818497962554557,2.7451988834645396,3.0674090158598914e-05,0.9854429743945352,False
TF02,contralateral,0.127,LRP,0.29788643134633064,3.0900458660144547,0.0006409204812389905,0.9893145028521156,False
TF02,contralateral,0.127,DP,0.2975074670858268,1.602850292656343,0.056893053168410423,0.5362353773185278,False
TF02,contralateral,0.159,CP,-0.041187211631979526,0.27789444402030317,8.069851967106095e-06,0.9070424268442299,False
TF02,contralateral,0.159,ERP,0.16469037002992148,2.559568200289904,4.9296197602227806e-06,0.997353333878357,False
TF02,contralateral,0.159,LRP,0.23282705972917433,3.101369694410079,0.00011517064492576483,0.9982144543691222,False
TF02,contralateral,0.159,DP,0.4342378221168096,1.9625303940528622,0.0009444623992986139,0.9891021662475862,False
TF02,contralateral,0.19,CP,-0.03626389289014137,0.41306758168509694,1.4082094489448777e-05,0.921297000325267,False
TF02,contralateral,0.19,ERP,0.26543716530662076,4.0204178075574015,0.0001328419831406988,0.9911449940348293,False
TF02,contralateral,0.19,LRP,0.28969777520301065,3.139767028987164,1.2257363420397774e-05,0.9996512114681316,False
TF02,contralateral,0.19,DP,0.4852248071701931,2.113342662940376,0.0008860802421148203,0.9918627301418236,False
TF02,contralateral,0.222,CP,-0.09557120961216294,-0.14192045369335463,9.888888972430785e-05,0.20141125937272342,False
TF02,contralateral,0.222,ERP,0.4937707720026122,5.761826021732478,8.894815824497743e-05,0.992128457899434,False
TF02,contralateral,0.222,LRP,0.408494383787135,3.561474951404883,0.00018468183930972918,0.9965355893031902,False
TF02,contralateral,0.222,DP,0.6536501668498532,2.4259145704817353,0.0008332736457800444,0.9941711426776407,False
TF05,ipsilateral,0.131,CP,-0.051399548734010876,1.2312930784286482,6.795028649307411e-06,0.9755000931963473,False
TF05,ipsilateral,0.131,ERP,0.2335133148025943,8.331114359062498,0.0029394132784717406,0.9782486238250572,False
TF05,ipsilateral,0.131,LRP,-0.14019324376602743,10.03409997043883,0.003760187434800236,0.97145412799797,False
TF05,ipsilateral,0.163,CP,-0.06604261223651568,1.117004529503559,2.3435709038446075e-05,0.9131624998452894,False
TF05,ipsilateral,0.163,ERP,0.20629834513499395,7.825934883870073,0.002202041041218902,0.9862592183085461,False
TF05,ipsilateral,0.163,LRP,-0.19983770213809549,10.014175719638345,0.0031917527346586962,0.9802017462164335,False
TF05,ipsilateral,0.196,CP,-0.06081518947792538,1.3751673442913326,2.2280623021397846e-05,0.9512850827084458,False
TF05,ipsilateral,0.196,ERP,0.20379201184596618,7.397710928183567,0.0019876715297266014,0.9889737199441807,False
TF05,ipsilateral,0.196,LRP,-0.2205199325742052,9.602152358944982,0.004082136238747988,0.9784030600351766,False
TF05,ipsilateral,0.229,CP,-0.09910414267592324,0.8310196531387699,4.268875023798656e-05,0.8375939265777237,False
TF05,ipsilateral,0.229,ERP,0.2343166574648866,6.93800547053328,0.0017271642896092318,0.991241114688396,False
TF05,ipsilateral,0.229,LRP,-0.18893498879139908,9.104910915559799,0.003943367288248323,0.9812844600193766,False
TF05,ipsilateral,0.262,CP,-0.12316946412251364,0.6316787741358633,0.0002797310520430454,0.3700840435737177,False
TF05,ipsilateral,0.262,ERP,0.248377238961682,6.566587792225195,0.0014184174220709727,0.9931703812816506,False
TF05,ipsilateral,0.262,LRP,-0.21356742014041907,9.163217431740184,0.0012892963911900928,0.9941633877900353,False
TF05,contralateral,0.131,CP,-0.010912952924318618,0.17467173534493236,5.692439447388689e-05,0.03651839189629713,True
TF05,contralateral,0.131,ERP,0.07164864334792195,4.054126344492382,0.0002267409416727506,0.9748927963484487,False
TF05,contralateral,0.131,LRP,0.2908733081522114,3.0759793665966226,0.00289078108175961,0.8639232392372123,False
TF05,contralateral,0.131,DP,0.43416382531666264,1.727380754530614,0.00018063116173533677,0.9976038197087518,False
TF05,contralateral,0.163,CP,-0.02484198448791769,0.5414274084169631,1.740491266898356e-05,0.7790194727031413,False
TF05,contralateral,0.163,ERP,0.11046647341424765,3.8891299221383098,0.0001563419244916325,0.9847073795151553,False
TF05,contralateral,0.163,LRP,0.23768319445298208,3.7323947792187013,0.0011294282658559857,0.9672709166977663,False
TF05,contralateral,0.163,DP,0.5103703303681588,2.0451270676247773,0.00023178187267461662,0.9979763085375041,False
TF05,contralateral,0.196,CP,-0.014378355687933313,0.762581867457779,2.756806948158764e-06,0.985752816547851,False
TF05,contralateral,0.196,ERP,0.15813575175915578,4.626593821271472,0.00044039413391133876,0.9861818961691452,False
TF05,contralateral,0.196,LRP,0.19292574068321688,4.546563715787673,0.00013993031718838498,0.9950583243286552,False
TF05,contralateral,0.196,DP,0.6185837745552745,2.2516974444627813,0.0001649486080737668,0.9988482830181833,False
TF05,contralateral,0.229,CP,-0.050948536575635514,0.5403281332026456,7.684679874039577e-05,0.7087318085947574,False
TF05,contralateral,0.229,ERP,0.23034592186775316,4.238385861259351,0.0003703233211126242,0.9895413619330806,False
TF05,contralateral,0.229,LRP,0.1250155261202458,5.825762722461913,0.0001166492642095713,0.9965946356876193,False
TF05,contralateral,0.229,DP,0.7448230065272852,2.394142463997587,0.00020872019435565423,0.9988253806994927,False
TF05,contralateral,0.262,CP,-0.05575401959134133,0.42288154049912446,8.471041793720892e-05,0.6464088998919629,False
TF05,contralateral,0.262,ERP,0.2802608624175132,3.7346695149156495,2.2269081914724996e-05,0.9981045305166023,False
TF05,contralateral,0.262,LRP,0.27013808610185486,6.015449694057753,0.0003837144138365514,0.9943793244811014,False
TF05,contralateral,0.262,DP,0.8506172052502767,2.5759602198807934,0.00022696637380989536,0.9988049979994102,False
TF06,ipsilateral,0.129,CP,-0.02270351348861179,1.5259394060983607,3.418573991850797e-05,0.9094593322502575,False
TF06,ipsilateral,0.129,ERP,0.09489023498458754,3.7922806086304233,0.00022072174657624286,0.995597102725062,False
TF06,ipsilateral,0.129,LRP,-0.1323077127196855,4.94533072567525,0.0006012044111987092,0.9897816300359024,False
TF06,ipsilateral,0.161,CP,-0.010281798942840197,1.7886718181875945,1.7021526073637284e-05,0.9683565081253629,False
TF06,ipsilateral,0.161,ERP,0.07738465620042376,3.5639947763825357,8.66718656947513e-05,0.9981761912218404,False
TF06,ipsilateral,0.161,LRP,-0.12325565434978453,4.613371631004396,0.0005962309441933177,0.9874607656285619,False
TF06,ipsilateral,0.193,CP,0.0006078869697432876,2.1810210890286923,2.1772529875791167e-05,0.983259471323301,False
TF06,ipsilateral,0.193,ERP,0.10516762674885102,3.6757749110331575,9.15787253433292e-05,0.9988872350240643,False
TF06,ipsilateral,0.193,LRP,-0.16624673197447426,4.78827606489027,0.0012094980256018074,0.9875499291573284,False
TF06,ipsilateral,0.225,CP,0.006465676402761855,2.426897536714661,2.2498899446812617e-05,0.9859762573246871,False
TF06,ipsilateral,0.225,ERP,0.09639033857766466,3.5674251822296683,0.00036246781095092766,0.9955713808809324,False
TF06,ipsilateral,0.225,LRP,-0.15606952454207404,4.369685219994169,0.00044307349050444104,0.9914547189950578,False
TF06,contralateral,0.129,CP,-0.035301736501815326,0.2550652012751515,1.094193039721221e-05,0.5459811039557602,False
TF06,contralateral,0.129,ERP,0.09384150845996013,3.5383068870979972,1.9771636307266644e-05,0.9982417540153675,False
TF06,contralateral,0.129,LRP,-0.01718079036865172,5.003126965346113,7.243382684250263e-05,0.99816246823774,False
TF06,contralateral,0.129,DP,0.20500596585590927,3.482255763917335,0.007215859828052325,0.9459664214159775,False
TF06,contralateral,0.161,CP,-0.011483430901486187,0.9162644345983144,4.396661270751142e-06,0.9894436477455437,False
TF06,contralateral,0.161,ERP,0.08386740894123423,2.280829628432225,2.1629394399573387e-05,0.9949232438577302,False
TF06,contralateral,0.161,LRP,-0.008182097458909632,4.504157626043073,0.00016875183360909698,0.9975062953842417,False
TF06,contralateral,0.161,DP,0.22875150214020834,2.921556555871789,0.011848140268140985,0.916239424395551,False
TF06,contralateral,0.193,CP,-0.019783300100954256,0.7349435224891644,7.635981394945763e-06,0.9808604192403817,False
TF06,contralateral,0.193,ERP,0.1034595616186236,2.0804751636559358,1.4593548524811094e-05,0.9964273668201106,False
TF06,contralateral,0.193,LRP,0.014068879175981541,5.314031117691612,0.00015894930737667985,0.998250138419112,False
TF06,contralateral,0.193,DP,0.3749132526808041,3.0020891190347436,0.012501665206553629,0.9286698279374186,False
TF06,contralateral,0.225,CP,-0.047468337793874514,0.5332469459452592,6.457434277379312e-05,0.8675132388103791,False
TF06,contralateral,0.225,ERP,0.12264047091193163,1.6020285870771538,4.966887150947056e-05,0.9874885009520772,False
TF06,contralateral,0.225,LRP,0.07628852588561108,4.597927379291204,0.0002612437849942489,0.9972145097494949,False
TF06,contralateral,0.225,DP,0.3405661291631231,2.899635802736586,0.014074052113742932,0.9156482649482002,False
TF06,contralateral,0.258,CP,-0.08124311082691396,0.31759102132820016,0.00010850836616845736,0.5924579217396542,False
TF06,contralateral,0.258,ERP,0.1171320466701932,1.5892884608781381,6.838686453839429e-05,0.984972641475964,False
TF06,contralateral,0.258,LRP,0.04078805408314157,4.825534187562384,0.000605411735681387,0.9940280039638274,False
TF06,contralateral,0.258,DP,0.39963220070136785,2.8605711456397014,0.013470229714982395,0.928987082330594,False
TF07,ipsilateral,0.182,CP,-0.03961900688478526,-0.811793230889566,0.0002245809062451036,0.39148990229071357,False
TF07,ipsilateral,0.182,ERP,0.46926141862381077,6.938790533133738,0.003394577231995518,0.9771312003448993,False
TF07,ipsilateral,0.182,LRP,-0.18446119752794266,11.255554268151187,0.0018572761458053124,0.9926809009093691,False
TF07,ipsilateral,0.243,CP,-0.06301740031940109,-1.0237770377723796,9.170853486031538e-05,0.7548744004187354,False
TF07,ipsilateral,0.243,ERP,0.48181325602347164,7.033885874569759,0.0034535578018213245,0.9826694653320085,False
TF07,ipsilateral,0.243,LRP,-0.1865477180584756,11.170816426416348,0.0012855585716849787,0.9957230317348434,False
TF07,ipsilateral,0.304,CP,-0.0634372834141716,-1.2005070289569864,0.00020038941092492403,0.6148765460830482,False
TF07,ipsilateral,0.304,ERP,0.43570856078133985,6.730260154962431,0.0028488275221452805,0.9847470957673801,False
TF07,ipsilateral,0.304,LRP,-0.3230979131874695,11.7381909496838,0.0011988445167209249,0.9970946886053244,False
TF07,ipsilateral,0.365,CP,-0.10737398478121166,-1.8174004439121219,0.0002913240033238177,0.717083686394637,False
TF07,ipsilateral,0.365,ERP,0.332086621264667,6.799051440745759,0.0035267139867983482,0.9875700124178557,False
TF07,ipsilateral,0.365,LRP,-0.4175989104933745,10.906670416899502,0.00021679850388280048,0.9994566287702628,False
TF07,ipsilateral,0.425,CP,-0.13550697488796531,-1.9867063440904251,0.0006512457238334096,0.6653073210573592,False
TF07,ipsilateral,0.425,ERP,0.3130813339609069,6.1057040584307,0.007925262469384249,0.964625753904634,False
TF07,ipsilateral,0.425,LRP,-0.5083056233021328,11.162284249627229,0.0008326892281603327,0.9981734034008145,False
TF07,contralateral,0.182,CP,0.03161757095804747,0.25638384137573506,6.693087377042685e-05,0.7448174197288202,False
TF07,contralateral,0.182,ERP,1.125432031347636,7.238176173905876,0.0008238360455450194,0.9885032469413151,False
TF07,contralateral,0.182,LRP,1.0306107126868502,4.321577497313688,1.696945236051153e-05,0.9990210852039368,False
TF07,contralateral,0.182,DP,0.6005737132907084,5.339110976502351,0.08041716120419952,0.4434098454304246,False
TF07,contralateral,0.243,CP,-0.005951857121208359,-0.10508488448574706,2.911762181933953e-05,0.4750045310266551,False
TF07,contralateral,0.243,ERP,1.1158700027498987,7.837294797284663,0.0009023671579711105,0.9935886454336945,False
TF07,contralateral,0.243,LRP,1.1857652581809135,2.6239961657975104,0.0006594516528233312,0.9097243180030131,False
TF07,contralateral,0.243,DP,0.723099695212296,3.8637303202586812,0.013209866428320716,0.9430583721329563,False
TF07,contralateral,0.304,CP,0.023566151096980667,0.12387676850368752,9.984225261373836e-05,0.33445974681474533,False
TF07,contralateral,0.304,ERP,1.3837180328808452,7.8708958550665535,0.000540969397936882,0.9960584467226904,False
TF07,contralateral,0.304,LRP,1.2743247338991328,3.387575047027066,3.133705482953622e-05,0.997002132414385,False
TF07,contralateral,0.304,DP,1.1078585082462606,3.6715808502899727,0.005933888913614095,0.9792928759253092,False
TF07,contralateral,0.365,CP,-0.01374115023506994,-0.15896114055986552,0.00010831591987693121,0.3745901659698472,False
TF07,contralateral,0.365,ERP,1.362026111530847,9.014302633251,0.005993560519511391,0.9552921184556534,False
TF07,contralateral,0.365,LRP,1.437381303107217,7.886237172619688,0.00043988467249466594,0.987027072279404,False
TF07,contralateral,0.365,DP,1.5718646359511705,3.7966464013619428,0.003731505108062653,0.9905369309195451,False
TF07,contralateral,0.425,CP,-0.13666127864821942,-1.050221761682767,0.0010910720653024401,0.6628813919892066,False
TF07,contralateral,0.425,ERP,1.1395429336399738,7.896140786489395,0.001232447940983857,0.9879751397962078,False
TF07,contralateral,0.425,LRP,1.4425221459365933,12.180612386410184,0.0054561762190779755,0.8848504903995787,False
TF07,contralateral,0.425,DP,1.8189909609856905,4.088754240398548,0.0015280984810935386,0.9966177548175679,False
TF08,ipsilateral,0.185,CP,-0.01416518169118295,0.732142202776879,3.929262125839886e-06,0.9822854274395367,False
TF08,ipsilateral,0.185,ERP,0.2749746759290356,4.3904060944269565,0.0015481835243435435,0.9923473208682961,False
TF08,ipsilateral,0.185,LRP,-0.1131911214018646,5.26560469630513,0.0003602521839279196,0.9984595240755978,False
TF08,ipsilateral,0.247,CP,-0.02606202826297245,0.6678478380004683,8.627367189779596e-06,0.9671931986224327,False
TF08,ipsilateral,0.247,ERP,0.2832626456110476,4.1722299144213695,0.0009683696785491168,0.9958778336713157,False
TF08,ipsilateral,0.247,LRP,-0.15091981627799883,5.29545550226269,0.00022214250522906446,0.9992282548477673,False
TF08,ipsilateral,0.309,CP,-0.024455074564491697,0.568281621845781,3.654558086656304e-05,0.8571714109694829,False
TF08,ipsilateral,0.309,ERP,0.3038446649076618,4.101627452187642,0.0005276508798082783,0.9979795170748716,False
TF08,ipsilateral,0.309,LRP,-0.16558513847551692,5.301263381467672,0.00038740585879980445,0.9987972308952839,False
TF08,ipsilateral,0.371,CP,-0.06109495903552559,0.3193117436661081,0.00023225695362660958,0.24596276385736893,False
TF08,ipsilateral,0.371,ERP,0.3114845099332673,3.9915973587931446,0.0001703879053395453,0.9993970580118481,False
TF08,ipsilateral,0.371,LRP,-0.1656979546149604,5.225438489621229,0.00037511553451085737,0.9989460021723383,False
TF08,ipsilateral,0.432,CP,-0.08155424926849074,0.07503632044647324,0.0005480632088459024,0.007604051664749645,False
TF08,ipsilateral,0.432,ERP,0.31932224933497777,3.9405669244843917,0.000286505846471614,0.9990222979530428,False
TF08,ipsilateral,0.432,LRP,-0.1764235837084891,5.299084515823458,0.00039983429995136996,0.9989738036410438,False
TF08,contralateral,0.185,CP,0.012859499950518351,0.5336061840097915,1.9185359427328365e-05,0.953721593877407,False
TF08,contralateral,0.185,ERP,0.4735124759326845,5.231311174356119,0.0014389454772244553,0.9885148837652336,False
TF08,contralateral,0.185,LRP,0.30225344188326064,7.3338271084553535,0.00045445744448690845,0.9725718094891614,False
TF08,contralateral,0.185,DP,0.6800523960402814,2.819806375785563,0.022715048569974805,0.8977704995935543,False
TF08,contralateral,0.247,CP,0.0207527088900094,0.6764265481942552,6.005031148890575e-05,0.9536911797283646,False
TF08,contralateral,0.247,ERP,0.7324355781640752,5.109969963427597,0.0007263444916420686,0.99494915569301,False
TF08,contralateral,0.247,LRP,0.44740025267477923,8.330835601018544,2.1990963197858137e-05,0.9988921427837483,False
TF08,contralateral,0.247,DP,0.8621536923790829,3.3430838498463094,0.01678186477663067,0.9418637944325908,False
TF08,contralateral,0.309,CP,0.029572518699888296,0.6425974605821851,8.039832425776823e-05,0.9344509017691451,False
TF08,contralateral,0.309,ERP,0.7854681150879658,5.115694380862737,0.0005757747879973244,0.996124872446571,False
TF08,contralateral,0.309,LRP,0.010628677228998615,0.06132634628848502,3.024748764732249e-06,0.9643380794285932,True
TF08,contralateral,0.309,DP,1.1493621985048437,3.5857139559421984,0.010310191949075613,0.9727698061360773,False
TF08,contralateral,0.371,CP,0.02086693850236302,0.7017233907059274,0.00027974786435996913,0.8403806380471701,False
TF08,contralateral,0.371,ERP,0.8758502581738353,5.047546458331287,0.0016657910127622513,0.9867101459560804,False
TF08,contralateral,0.371,LRP,0.011330084649365663,0.04513704049250712,3.084494771872505e-06,0.9529984791756344,True
TF08,contralateral,0.371,DP,1.4930749447929128,3.5828979278901576,0.006265041066802317,0.9869537259529221,False
TF08,contralateral,0.432,CP,-0.021623622742944264,0.45662691980262493,0.0007938806620753131,0.558853058115206,False
TF08,contralateral,0.432,ERP,1.0043453576862038,3.992160201585598,0.005777596778007996,0.9369810529501263,False
TF08,contralateral,0.432,LRP,0.5135380697727631,20.639700852593283,0.0047990577472052515,0.9308098339675608,False
TF08,contralateral,0.432,DP,1.679713627339177,3.8342441044332136,0.004519334601662441,0.9914770029759059,False
TF09,ipsilateral,0.129,CP,-0.030880118907352837,1.1481435365973416,3.2315971703187413e-06,0.9834843560262746,False
TF09,ipsilateral,0.129,ERP,0.13847681430268177,5.548190423108474,0.00069830852738713,0.9961221679474491,False
TF09,ipsilateral,0.129,LRP,-0.12053973576904714,6.258326780104053,0.0007950289935722737,0.995829601669254,False
TF09,ipsilateral,0.161,CP,-0.027663644725241937,1.303222782643968,3.540496647064605e-06,0.9883539569150768,False
TF09,ipsilateral,0.161,ERP,0.16562089327381913,5.318654666842401,0.0006802685218632032,0.9964953382019716,False
TF09,ipsilateral,0.161,LRP,-0.12890894541530568,6.190693688990302,0.0007999987186906168,0.9962488194426945,False
TF09,ipsilateral,0.193,CP,-0.03483448178990227,1.4090291646419149,3.0379634043566286e-06,0.9932950721683496,False
TF09,ipsilateral,0.193,ERP,0.18519186998022147,5.1214727894729695,0.0009941005761469961,0.9952532403760462,False
TF09,ipsilateral,0.193,LRP,-0.15280930564389406,6.191610151548375,0.0005260123480846044,0.9974893884349358,False
TF09,ipsilateral,0.225,CP,-0.03809191395926246,1.3770698993924695,6.210599951815863e-06,0.9887811609892908,False
TF09,ipsilateral,0.225,ERP,0.19164134195805843,4.875928582923679,0.0008133404991918594,0.9961604808483069,False
TF09,ipsilateral,0.225,LRP,-0.21016549619502745,6.325410761395715,0.0004345621254028167,0.9979189901794905,False
TF09,ipsilateral,0.258,CP,-0.055018894717021434,1.0488022294383337,1.266762828761044e-05,0.9668383645716984,False
TF09,ipsilateral,0.258,ERP,0.19525211633293693,4.752053383116229,0.0006047803752931183,0.9975122484398942,False
TF09,ipsilateral,0.258,LRP,-0.21786280609584202,5.876366047013855,0.0002686782404497071,0.99868843954275,False
TF09,contralateral,0.129,CP,-0.028960401510611043,1.0416285057419281,5.019001873806055e-05,0.9436816452775442,False
TF09,contralateral,0.129,ERP,0.6636124734537523,9.220376658873636,0.0007998307300075148,0.9826412484609237,False
TF09,contralateral,0.129,LRP,0.6560608012514892,3.40940360340973,2.859983355102052e-05,0.9956657859213175,False
TF09,contralateral,0.129,DP,0.7477465529168766,1.8005635845456867,0.019891322322417682,0.8373408951251653,False
TF09,contralateral,0.161,CP,-0.008456292966322568,1.5356919455096611,1.4562735316969835e-05,0.9922427336127265,False
TF09,contralateral,0.161,ERP,0.3128992072179897,5.4716468999606,0.00015641473397305379,0.9941682841784347,False
TF09,contralateral,0.161,LRP,0.3501939503487777,4.480749295983836,9.356366110025922e-05,0.9911730821192749,False
TF09,contralateral,0.161,DP,0.741058082440801,1.786655055411279,0.02165682451732789,0.8414400639787569,False
TF09,contralateral,0.193,CP,-0.04586951210936252,1.373523528353668,8.223971086197829e-05,0.9563102727500804,False
TF09,contralateral,0.193,ERP,0.39631826104071427,5.9508250360127946,0.00037613522555420925,0.9896388885570521,False
TF09,contralateral,0.193,LRP,0.3850270036346194,6.2760551798421655,0.0006667904489791302,0.9918912693324083,False
TF09,contralateral,0.193,DP,0.8169818704201971,1.8191673235338366,0.01939878733760637,0.906866227223999,False
TF09,contralateral,0.225,CP,-0.053604448855207085,1.1170073649238343,0.00010270971351638424,0.9487488530461132,False
TF09,contralateral,0.225,ERP,0.5162226963302604,5.417579753009704,0.00011374421740764648,0.9967394128878883,False
TF09,contralateral,0.225,LRP,0.4463271532630452,5.837206315386165,0.0023637287395557893,0.973764442737727,False
TF09,contralateral,0.225,DP,0.9383504380823164,2.074307137460041,0.01230421940267042,0.9518892115165263,False
TF09,contralateral,0.258,CP,-0.08122448992530869,0.9201740998798653,0.0005337479125091104,0.8192064118388345,False
TF09,contralateral,0.258,ERP,0.7734867238958936,5.42739768193071,0.0001262029882431388,0.99726679235168,False
TF09,contralateral,0.258,LRP,0.7301545069721417,5.994098769761186,0.0025554497791143425,0.9676976138127453,False
TF09,contralateral,0.258,DP,1.1889215408863465,2.260158043605083,0.009035073512080497,0.9706183491088614,False
TF10,ipsilateral,0.131,CP,-0.014745281388788105,1.4900275818269975,6.203145247067051e-05,0.8905984685839817,False
TF10,ipsilateral,0.131,ERP,0.24020950142578631,5.0883019143010175,0.0006679020003081212,0.9950563158244845,False
TF10,ipsilateral,0.131,LRP,-0.16150506292844752,6.433989589987452,0.0037832703553384826,0.9682746579338213,False
TF10,ipsilateral,0.163,CP,-0.024559604454550528,0.9898879837449818,0.00020130769842026345,0.5551873837560711,False
TF10,ipsilateral,0.163,ERP,0.2521162574005597,4.690807591718274,0.0001490535146819871,0.9989089241222033,False
TF10,ipsilateral,0.163,LRP,-0.16135048856066825,5.945666434860452,0.003341870234776693,0.9756355684136492,False
TF10,ipsilateral,0.196,CP,-0.06795278170297829,0.40673614045429557,0.0002244925139417863,0.15019193960374522,False
TF10,ipsilateral,0.196,ERP,0.22804751550714872,4.683678236756813,0.0001028699641272352,0.9992499581614069,False
TF10,ipsilateral,0.196,LRP,-0.2184510604063858,6.254958812514154,0.0034431807361947333,0.9737565721450772,False
TF10,ipsilateral,0.229,CP,-0.07848686554864953,0.624697289565775,7.729801973892191e-05,0.6194646039422333,False
TF10,ipsilateral,0.229,ERP,0.23927291916305907,4.427321994921321,0.00011539703116063635,0.9992131124897955,False
TF10,ipsilateral,0.229,LRP,-0.2557063270730632,6.433238468799891,0.003059992695965151,0.9777638435552763,False
TF10,contralateral,0.131,CP,0.002210464655211494,0.4164415582632915,8.771454163886792e-06,0.8091660518613804,False
TF10,contralateral,0.131,ERP,-0.027063572520515077,0.0874647972972156,4.952486004405724e-05,0.5576699408140255,True
TF10,contralateral,0.131,LRP,0.3559337547530939,6.002177450801217,0.0012624725550484878,0.9645046497874663,False
TF10,contralateral,0.131,DP,0.5054917000040882,1.8986645278723753,0.0018335917883879108,0.9724185987190446,False
TF10,contralateral,0.163,CP,-0.012456352424705257,0.6450847189015132,1.2064535492920089e-06,0.9936852651088117,False
TF10,contralateral,0.163,ERP,0.25722291573406914,5.4603807700896825,0.00037706772672229484,0.9871131475055638,False
TF10,contralateral,0.163,LRP,0.2683288930811617,5.549397553337438,0.001426963437189104,0.9727860599725292,False
TF10,contralateral,0.163,DP,0.39345793237245613,2.562702660753634,0.00821136677039493,0.9278943593602377,False
TF10,contralateral,0.196,CP,-0.023115313710342228,0.6964576318173512,1.3238247155694688e-05,0.9712705483027101,False
TF10,contralateral,0.196,ERP,0.2961714361195612,4.105076992959243,3.725491648032685e-05,0.9958400574161398,False
TF10,contralateral,0.196,LRP,0.48178931590938157,6.019461900205528,0.010463294603534502,0.9048366260483182,False
TF10,contralateral,0.196,DP,0.5680056832903005,2.3590910769218767,0.0036071441157606377,0.9687394386552187,False
TF10,contralateral,0.229,CP,-0.001533850077838024,0.7998693304279171,1.4231340370121612e-05,0.984956386860466,False
TF10,contralateral,0.229,ERP,0.9349350470455748,10.534866731332707,0.006826623527935181,0.9588965238610976,False
TF10,contralateral,0.229,LRP,1.2786983395196336,-0.8321582546131284,0.00032369877701461284,0.3250140912201518,False
TF10,contralateral,0.229,DP,0.8803582103586739,2.3696598440849646,0.004994830006408106,0.968969250027202,False
TF10,contralateral,0.262,CP,-0.025179133822914833,0.570234941886003,2.7730065410938636e-05,0.9540709707468938,False
TF10,contralateral,0.262,ERP,1.0054031502280818,9.656465407005028,0.005516978643959779,0.9336057392295212,False
TF10,contralateral,0.262,LRP,1.1574500127147191,5.971995596140994,0.003726762528116383,0.7764175114047994,False
TF10,contralateral,0.262,DP,1.0526070124064253,2.526383484921006,0.0041739330177274735,0.9808950477189355,False
TF11,ipsilateral,0.194,CP,-0.031159662252988635,2.314604283758537,2.3221685214403013e-05,0.987566670521988,False
TF11,ipsilateral,0.194,ERP,0.1883107080127187,5.815521437766527,0.0003146503267452383,0.9986217765155534,False
TF11,ipsilateral,0.194,LRP,-0.08795903254141668,6.921289785455437,0.001078046009310031,0.9953793711172385,False
TF11,ipsilateral,0.259,CP,-0.07362370932419533,1.6138190864886721,2.889695416437151e-05,0.9767063911674044,False
TF11,ipsilateral,0.259,ERP,0.12162306856925514,5.655851846482196,0.01038148095481374,0.9601674048049033,False
TF11,ipsilateral,0.259,LRP,0.021992604534021135,0.17145254470877322,4.149495073576441e-06,0.12818791184919753,True
TF11,ipsilateral,0.324,CP,-0.08980904880721562,1.2554950690061917,4.562657785011168e-05,0.9529431501410803,False
TF11,ipsilateral,0.324,ERP,0.10096247337375186,5.482087776606315,0.013086353100228215,0.9563728473852604,False
TF11,ipsilateral,0.324,LRP,0.03349150350518476,0.3178714140595773,1.1950862349186284e-06,0.723394660048871,True
TF11,ipsilateral,0.389,CP,-0.12246225877119377,0.8967207063785885,7.489575035066227e-05,0.8863931911789653,False
TF11,ipsilateral,0.389,ERP,0.0902006663451429,5.3274541988989865,0.01708410230209172,0.9484375016997996,False
TF11,ipsilateral,0.389,LRP,0.044979632789412596,0.4134073587812223,1.529275079916275e-06,0.7925493563649602,True
TF11,ipsilateral,0.454,CP,-0.15359679208425264,0.5476589594404343,0.0003310754278986661,0.44159774251733763,False
TF11,ipsilateral,0.454,ERP,0.10372226908201432,5.190935356817676,0.019928555441448084,0.9419646304735827,False
TF11,ipsilateral,0.454,LRP,0.048193647499731276,0.4170730018498741,8.588074242814031e-07,0.8970586886222689,True
TF11,contralateral,0.194,CP,0.026974819158501223,0.5605400755774161,1.5436316669654e-05,0.976714734790134,False
TF11,contralateral,0.194,ERP,0.48956093353962166,4.329313110986206,0.000687186956438813,0.9780171143017354,False
TF11,contralateral,0.194,LRP,0.5881684398079127,4.22533955918652,0.001199501820250895,0.9490079352235242,False
TF11,contralateral,0.194,DP,0.6578740745736424,2.102157674870869,0.002023876277312666,0.9838199888044444,False
TF11,contralateral,0.259,CP,0.01620976253927878,0.5996221312922381,1.1207792290797811e-05,0.9840416172173618,False
TF11,contralateral,0.259,ERP,0.5222204478649515,4.8784588406811125,0.0011380031155292752,0.9770520834753609,False
TF11,contralateral,0.259,LRP,0.608296709161066,5.985201373002152,0.0002641717480048181,0.9928270997555105,False
TF11,contralateral,0.259,DP,0.8755950264526401,2.5338265345416677,0.002529203511780157,0.9877331413912245,False
TF11,contralateral,0.324,CP,0.015193011630787637,0.7493931870685789,8.580002138859811e-06,0.9925399550805384,False
TF11,contralateral,0.324,ERP,0.5878749741502223,5.3480492614827915,0.001630123818660998,0.9686444174592277,False
TF11,contralateral,0.324,LRP,0.7302596917251798,8.107323181223917,6.504103582206742e-05,0.9987920707724931,False
TF11,contralateral,0.324,DP,1.1708488499444687,3.100474471938906,0.0011728770717478582,0.9962172085516107,False
TF11,contralateral,0.389,CP,-0.044936736435340144,0.3385303716288823,0.00011014043781548107,0.6872972679749243,False
TF11,contralateral,0.389,ERP,0.6417942159213978,5.292259658545657,0.0006027742602962662,0.9877938272183789,False
TF11,contralateral,0.389,LRP,0.8451038458552609,11.376147360028616,0.0005968856820466373,0.9934359892795,False
TF11,contralateral,0.389,DP,1.4799254309015022,3.5716741206866853,0.0011466928767906507,0.9971167553235524,False
TF11,contralateral,0.454,CP,-0.10443477234672269,-0.053576530640993436,0.0006360272878352518,0.010812873260029665,False
TF11,contralateral,0.454,ERP,0.6894180428735388,4.6950007151456,8.12466064568493e-05,0.9976886835293619,False
TF11,contralateral,0.454,LRP,1.0668920696929727,14.34139936472341,0.001988844270218809,0.982876445516288,False
TF11,contralateral,0.454,DP,1.7578961941501952,3.7535963480658916,0.004715801713354907,0.9900454828319634,False
TF12,ipsilateral,0.124,CP,-0.03710305082834428,2.717699385562367,6.501133517209467e-05,0.9724687725977557,False
TF12,ipsilateral,0.124,ERP,0.08708186043375088,6.888379698267438,0.002686512101565262,0.9622523588556224,False
TF12,ipsilateral,0.124,LRP,0.24786046022189345,5.38327640753841,0.00025360283001074515,0.9858359518377745,False
TF12,ipsilateral,0.155,CP,-0.055411569022771154,2.7077693106730836,9.838529443719267e-05,0.9528630265734773,False
TF12,ipsilateral,0.155,ERP,0.015472689405242879,7.049404718315854,0.004727204409219719,0.9558432666464293,False
TF12,ipsilateral,0.155,LRP,0.2908386115787867,4.609540583823154,5.047843577565562e-05,0.9966735992814193,False
TF12,ipsilateral,0.186,CP,-0.059591639553938355,2.839234493847246,0.00012959448071218354,0.9557330324120636,False
TF12,ipsilateral,0.186,ERP,0.009772367782817648,6.87134929630812,0.003849865243273388,0.9809018615934839,False
TF12,ipsilateral,0.186,LRP,-0.4055794674755864,9.263454070492479,0.00037363352943541175,0.9974101489879749,False
TF12,ipsilateral,0.217,CP,-0.07030876146127148,2.5216522207155205,0.00011445915471455056,0.9584103356961934,False
TF12,ipsilateral,0.217,ERP,0.038235326794234525,6.631761838790433,0.0058665795850219105,0.9745616185174326,False
TF12,ipsilateral,0.217,LRP,-0.38866451291345705,8.951526072025285,0.0008884469252066697,0.9947956319837054,False
TF12,ipsilateral,0.248,CP,-0.08238972523937241,2.1267690767611644,0.000121547631711454,0.9491557841315552,False
TF12,ipsilateral,0.248,ERP,0.061472621280104056,6.536751324457224,0.002838865170448474,0.9890637331114401,False
TF12,ipsilateral,0.248,LRP,-0.3034510667864924,8.404842932498788,0.003901036658665998,0.9773352022505936,False
TF12,contralateral,0.124,CP,-0.019453568382842436,0.22575506152970273,7.68702042869162e-05,0.5535532384781565,False
TF12,contralateral,0.124,ERP,1.1455669504916943,8.439268055950789,0.0007669261992490831,0.9906403651874521,False
TF12,contralateral,0.124,LRP,0.9521915884045918,3.2340931948658294,0.0008095083743997259,0.9583999591721433,False
TF12,contralateral,0.124,DP,0.7479633900181079,2.428854631597187,0.008659081636572278,0.9324231242982642,False
TF12,contralateral,0.155,CP,-0.024555539466859448,0.15804162303378957,9.760921866033961e-05,0.36806092446900174,False
TF12,contralateral,0.155,ERP,1.1362659205925572,7.505429614065837,0.0010252741299497485,0.9874791705526146,False
TF12,contralateral,0.155,LRP,1.009145795075519,3.8559849217945095,4.752761545610153e-05,0.9967250481526699,False
TF12,contralateral,0.155,DP,0.9059712119253917,3.3000228512234373,0.019854047789476005,0.9017758413255521,False
TF12,contralateral,0.186,CP,-0.017292023375622596,0.2914296184846771,6.402166206031922e-05,0.7899940321438705,False
TF12,contralateral,0.186,ERP,1.0779234963041808,6.349075950000144,0.001869455758807571,0.98342675333377,False
TF12,contralateral,0.186,LRP,1.067390483163599,3.487254993606505,0.0007781655638319829,0.9447805913095989,False
TF12,contralateral,0.186,DP,0.8250820745286248,3.139424156932255,0.005593158258446334,0.9699295717430377,False
TF12,contralateral,0.217,CP,-0.021507225893726632,0.39712592590263623,6.749799338213827e-05,0.8790400428567672,False
TF12,contralateral,0.217,ERP,1.0658985902108415,6.347533980825707,0.000997624919953456,0.991902356975869,False
TF12,contralateral,0.217,LRP,1.0532926191017065,4.521785804125113,0.00015370347447823382,0.9916338275684211,False
TF12,contralateral,0.217,DP,1.0100654739978876,3.223776468366006,0.004027271456474245,0.9830788684232711,False
TF12,contralateral,0.248,CP,-0.025201533950776775,0.39096862084892314,5.191226129101912e-05,0.905815960617123,False
TF12,contralateral,0.248,ERP,1.2144908914958785,7.475552099573002,4.073157847197765e-05,0.999291404617797,False
TF12,contralateral,0.248,LRP,1.079655380437583,4.774798013951648,0.0002239343256701209,0.995853874673276,False
TF12,contralateral,0.248,DP,1.1245734396011806,3.314658172519853,0.0026959417573659446,0.9906774475475922,False
TF13,ipsilateral,0.184,CP,0.08281167901767732,3.100361483836662,0.0003251720232053489,0.9464338344616465,False
TF13,ipsilateral,0.184,ERP,0.10479481028038148,4.5636446715149255,0.0018394580943017545,0.9871581990814076,False
TF13,ipsilateral,0.184,LRP,-0.22659823887824954,6.056716126217721,0.00025384248656238814,0.9975816954507103,False
TF13,ipsilateral,0.245,CP,0.0893251205007194,3.2269030866030612,0.00034646495043854,0.957402700759178,False
TF13,ipsilateral,0.245,ERP,0.09909737613531094,4.5398561247081215,0.0027811070827513306,0.9854182000521453,False
TF13,ipsilateral,0.245,LRP,-0.2430545378594856,6.011679306546321,0.0002398338071448335,0.9986203844995644,False
TF13,ipsilateral,0.306,CP,0.06940950929581066,3.124964549541571,0.0004261345003744435,0.9548799803469823,False
TF13,ipsilateral,0.306,ERP,0.08209872280528924,4.4649350362841815,0.003254060531644873,0.9858923389361138,False
TF13,ipsilateral,0.306,LRP,-0.25010796942484403,5.892633838060887,0.00016889000617256093,0.9992047889707937,False
TF13,ipsilateral,0.368,CP,0.09677444546370759,3.558683982481757,0.0006805395925147052,0.9524950936428884,False
TF13,ipsilateral,0.368,ERP,0.049664987617217216,4.386493856529691,0.004913631677915864,0.9814757324942681,False
TF13,ipsilateral,0.368,LRP,-0.2626965573508903,5.712408109569104,0.0003227081580254117,0.998762777395105,False
TF13,ipsilateral,0.429,CP,0.07641399096389734,3.491707521354962,0.00043947094324406886,0.968642017937355,False
TF13,ipsilateral,0.429,ERP,0.030865177212904826,4.367697524236751,0.008856530125706471,0.970405466494034,False
TF13,ipsilateral,0.429,LRP,-0.28079159408407695,5.841383255254671,0.00027961808432639274,0.9990964549061977,False
TF13,contralateral,0.184,CP,0.035123990905486464,1.0793326996737354,6.466455443163976e-05,0.9570593988075703,False
TF13,contralateral,0.184,ERP,0.4120941671093432,5.450410408221576,0.002619456416044708,0.9632924651637625,False
TF13,contralateral,0.184,LRP,0.6650101277632275,2.2493957033075507,7.225507041807391e-05,0.9972558401830608,False
TF13,contralateral,0.184,DP,0.49878141165656187,1.8967016526647054,0.015225664321479709,0.9243644152612243,False
TF13,contralateral,0.245,CP,0.024135409149475207,1.1725994165289702,2.66893215444785e-05,0.9881637161663175,False
TF13,contralateral,0.245,ERP,0.43051433031096814,4.994965752219111,0.0020934621778533045,0.9818738655537366,False
TF13,contralateral,0.245,LRP,0.5751651855259918,3.1463561541629588,0.00039398302498479845,0.9865214905868901,False
TF13,contralateral,0.245,DP,0.43303749314251955,2.1567561741415187,0.08638552916688903,0.6812271736440659,False
TF13,contralateral,0.306,CP,0.0702176218229733,1.7353774233052628,0.00018911583869895255,0.9553212409839258,False
TF13,contralateral,0.306,ERP,0.39272842517381773,5.093132029180686,0.0016849553422858292,0.9785106343307501,False
TF13,contralateral,0.306,LRP,0.570341536486178,3.5186763318208647,0.0008551218008913704,0.9889813951976237,False
TF13,contralateral,0.306,DP,0.8119210222380607,2.3743025774256132,0.014933615698188131,0.9662126960966746,False
TF13,contralateral,0.368,CP,0.1034008625412089,2.075667187841161,0.00043190015786308196,0.9174082480637203,False
TF13,contralateral,0.368,ERP,0.35869055879516565,5.355976955690406,0.0014099650058202145,0.9846121997952705,False
TF13,contralateral,0.368,LRP,0.5206205459044034,4.067884568402732,0.0030919855265101855,0.9658357283697672,False
TF13,contralateral,0.368,DP,0.9902336419552249,2.5569019506178834,0.018288291273389094,0.9645754738756548,False
TF13,contralateral,0.429,CP,0.11267629709840589,2.1500041189541874,0.0005047247823847697,0.9195665702608385,False
TF13,contralateral,0.429,ERP,0.2911238769694455,4.357471920856464,0.0006873098917789575,0.9925712690807431,False
TF13,contralateral,0.429,LRP,0.11775137594718332,4.939542054283641,0.018705865398621114,0.8985058693378162,False
TF13,contralateral,0.429,DP,1.0610440640437206,2.7694987286915675,0.03614228414807361,0.9508097692087966,False
TF14,ipsilateral,0.128,CP,-0.03228413280315418,1.576301540633274,2.543492628162358e-06,0.9953950259187229,False
TF14,ipsilateral,0.128,ERP,0.32301696135649316,5.7983365316911755,0.007666230688108082,0.9067365753645472,False
TF14,ipsilateral,0.128,LRP,-0.22160222909820734,7.490369413215708,0.005245929433594054,0.9171744987888807,False
TF14,ipsilateral,0.16,CP,-0.044515243451987326,1.5690793989047942,2.7363757150844075e-06,0.9946763235160679,False
TF14,ipsilateral,0.16,ERP,0.2699858071517074,5.694872342608988,0.006028920451608325,0.9378548513525867,False
TF14,ipsilateral,0.16,LRP,-0.2929116956773665,7.543938227780086,0.004412459568526066,0.9383802887741263,False
TF14,ipsilateral,0.192,CP,-0.045089735674226236,1.6077474024019198,3.7790973792108814e-06,0.994118518551523,False
TF14,ipsilateral,0.192,ERP,0.21861431007185056,5.6623530511249625,0.003530778199514096,0.9672181032429016,False
TF14,ipsilateral,0.192,LRP,-0.3638628603733459,7.997120202517625,0.004774925911493645,0.9549085748991825,False
TF14,ipsilateral,0.223,CP,-0.04142869944187701,1.748824953576996,9.552594439546681e-06,0.9883402742350508,False
TF14,ipsilateral,0.223,ERP,0.18357577007146542,5.503953294320733,0.0024251175360258167,0.9806095510030945,False
TF14,ipsilateral,0.223,LRP,-0.37742621250705993,7.500681305560967,0.0035739507835636356,0.9702624000397472,False
TF14,ipsilateral,0.255,CP,-0.07246800861576361,1.3398676100754159,2.1113136121049e-05,0.964832600506621,False
TF14,ipsilateral,0.255,ERP,0.21379558905373872,5.653296011729951,0.001998408277755916,0.9850815524148003,False
TF14,ipsilateral,0.255,LRP,-0.44621860324978846,8.344333088223417,0.002681160546245666,0.9793749181697815,False
TF14,contralateral,0.128,CP,-0.02300377593622717,-1.0302732745380911,1.7159028557134003e-05,0.9622194576059665,False
TF14,contralateral,0.128,ERP,-0.037206137610803915,-0.010966235266754693,0.00014016648165647086,0.014637711273934428,True
TF14,contralateral,0.128,LRP,0.7440643341093064,3.462592698974571,8.448983326906284e-05,0.9972009787125079,False
TF14,contralateral,0.128,DP,0.7330683469286584,2.5167865713029314,0.0030953096010123216,0.9784794234070905,False
TF14,contralateral,0.16,CP,-0.01742154872142255,-0.7606397688397405,1.2747067861181203e-05,0.9643765222118055,False
TF14,contralateral,0.16,ERP,0.3530947522762656,4.321138750338189,0.00033211889082969046,0.9661242731555282,False
TF14,contralateral,0.16,LRP,0.510859128939215,3.960437665948155,0.001548351188454094,0.9678805874433052,False
TF14,contralateral,0.16,DP,0.6679477987178554,2.5912851416366607,0.004029648949553561,0.976863725368065,False
TF14,contralateral,0.192,CP,-0.01487018948096493,-0.6687301839435146,1.1978572292009583e-05,0.9666570707666527,False
TF14,contralateral,0.192,ERP,0.554797460044455,5.978350310384162,0.0035109728543572714,0.7404678547038468,False
TF14,contralateral,0.192,LRP,0.6642242281105891,4.082503639689793,0.0001662577558908847,0.9965523914338366,False
TF14,contralateral,0.192,DP,0.796163494795356,2.635899987178243,0.003749562608328619,0.9796524880904214,False
TF14,contralateral,0.223,CP,-0.017802858245294904,-0.27334706828904276,3.506297470475693e-05,0.7668647962737928,False
TF14,contralateral,0.223,ERP,0.3476508911325318,2.53786188312066,2.478419424447224e-05,0.9955543738217232,False
TF14,contralateral,0.223,LRP,-0.04758097640495225,0.07068454541853691,2.019450528512441e-06,0.8157038063424639,True
TF14,contralateral,0.223,DP,0.5739301315332835,4.579896923544492,0.0002893909470962962,0.9955229222659902,False
TF14,contralateral,0.255,CP,-0.00398245449475292,-0.10044160984027038,1.8366931143489126e-05,0.5238499468380058,False
TF14,contralateral,0.255,ERP,0.35436594193611715,2.419264617354981,0.00020873913122023308,0.9854068753582101,False
TF14,contralateral,0.255,LRP,0.3761582518572611,5.616912412896765,0.0003003431552994745,0.9961158155708373,False
TF14,contralateral,0.255,DP,0.8097402958214903,3.0376139149978596,0.004282775423189623,0.9834490488915951,False
TF15,ipsilateral,0.19,CP,-0.0177474843277574,2.722291176617694,0.00013427341392180877,0.9373860963793083,False
TF15,ipsilateral,0.19,ERP,0.08629358392851483,5.111773200357216,0.00018738211571742147,0.9991602085742702,False
TF15,ipsilateral,0.19,LRP,-0.15677081717348673,6.052195259631339,7.10979512403427e-06,0.9999649146406275,False
TF15,ipsilateral,0.254,CP,-0.05157375889917511,2.293592604190902,5.94639051996916e-05,0.9669982796203763,False
TF15,ipsilateral,0.254,ERP,0.0854748270333453,5.005967707539642,9.93910069915308e-05,0.9996295808751889,False
TF15,ipsilateral,0.254,LRP,-0.1888861846393285,6.18273767950128,0.0001721713782425179,0.9993421261371194,False
TF15,ipsilateral,0.317,CP,-0.07870528110220885,1.895775438172443,6.096008009173632e-05,0.960046698393655,False
TF15,ipsilateral,0.317,ERP,0.07965234407216149,4.893069084687809,0.0003054232680114184,0.9990245057632116,False
TF15,ipsilateral,0.317,LRP,-0.22230082970479004,6.2017222976618935,0.0002486356555834377,0.9992075523724124,False
TF15,ipsilateral,0.381,CP,-0.14049187725501822,1.4662532860966941,3.4732469178946344e-05,0.9700955391423183,False
TF15,ipsilateral,0.381,ERP,0.062038229492942756,4.463624258269874,2.7206316045289935e-05,0.999435966647289,False
TF15,ipsilateral,0.381,LRP,-0.024395159499738917,5.1828946461679966,0.0004235818135043911,0.9965730115975929,False
TF15,ipsilateral,0.444,CP,0.04387296654491579,4.771775355769267,0.004368918869758159,0.9899694986670853,False
TF15,ipsilateral,0.444,ERP,-0.3343903192969979,6.43479779335963,0.0010457366216863723,0.9975848074996548,False
TF15,ipsilateral,0.444,LRP,0.061471479968695675,0.13021075292409945,1.068812181733494e-06,0.5579163581371751,True
TF15,contralateral,0.19,CP,-0.05867425530106625,0.9522803176116638,5.094629861547539e-05,0.9642388597604988,False
TF15,contralateral,0.19,ERP,0.37490009363158805,5.083476094654384,0.0016478244504120217,0.9630237363008107,False
TF15,contralateral,0.19,LRP,0.47228584449505595,4.798267718457014,9.41836448548538e-05,0.9984315711751115,False
TF15,contralateral,0.19,DP,0.6183620368199162,3.236030829405997,0.0023647017507375796,0.9841348120931663,False
TF15,contralateral,0.254,CP,-0.06592862245487967,0.916006579590605,2.3934492226878677e-05,0.9845160118125968,False
TF15,contralateral,0.254,ERP,0.42676885336452836,5.077501712716394,0.001545875078132791,0.9749698206881111,False
TF15,contralateral,0.254,LRP,0.475415194537289,6.4211896405940525,6.023729015013031e-05,0.9993426038710337,False
TF15,contralateral,0.254,DP,0.7870817137099048,3.730808836495058,0.00398759479707688,0.9847721754210742,False
TF15,contralateral,0.317,CP,-0.09220986692161504,0.7932329990692488,7.051976540433844e-05,0.9456444558261289,False
TF15,contralateral,0.317,ERP,0.47355751893357073,5.3324641713545,0.0015296667965211115,0.982207109135106,False
TF15,contralateral,0.317,LRP,0.3633371412142743,9.147006353332799,0.0011906218086437893,0.9903220276357676,False
TF15,contralateral,0.317,DP,1.1862405396467748,3.8996238998665564,0.0030892301145888537,0.9923690165487223,False
TF15,contralateral,0.381,CP,-0.1476736633495051,0.7024841201308559,0.00025695132512648276,0.8393221676616351,False
TF15,contralateral,0.381,ERP,0.5915533900072727,5.178593998070257,0.00025795761504765165,0.9967467397674069,False
TF15,contralateral,0.381,LRP,0.5338829467487651,11.806949055715435,0.0009101844413351587,0.9913438713321041,False
TF15,contralateral,0.381,DP,1.6007564615092453,4.028681693103923,0.002844850636121794,0.9943408375445203,False
TF15,contralateral,0.444,CP,-0.17142314938554382,0.6161489923857033,0.0004217962266025508,0.7097612805236834,False
TF15,contralateral,0.444,ERP,0.6319569820299784,5.265786304173577,0.0001525194223522419,0.9981312120287298,False
TF15,contralateral,0.444,LRP,0.7298400329754079,14.743472879913751,0.003195896204272304,0.9861227143862865,False
TF15,contralateral,0.444,DP,1.875029222811256,4.315756068443114,0.0021509805818526314,0.9966683743116931,False
TF16,ipsilateral,0.188,CP,-0.02946712248381713,1.1108759240183428,3.0952157145297734e-06,0.9885518427657337,False
TF16,ipsilateral,0.188,ERP,0.17236041782325495,5.393105532062322,0.005983678728057053,0.9691891725051401,False
TF16,ipsilateral,0.188,LRP,-0.12781802254698393,5.06575962653975,0.004904648026903796,0.9726689777655796,False
TF16,ipsilateral,0.25,CP,-0.08167085369317306,0.40545145982041664,6.911454808315254e-05,0.4119913183771997,False
TF16,ipsilateral,0.25,ERP,0.1900755724980463,5.016522178552694,0.008004692820250587,0.9645880431789744,False
TF16,ipsilateral,0.25,LRP,-0.11188731543794905,4.977200904525375,0.002400489537631301,0.9897981117210854,False
TF16,ipsilateral,0.313,CP,-0.08524269352452998,0.4045208110120082,0.0001149688005844273,0.37826624422403365,False
TF16,ipsilateral,0.313,ERP,0.2705197596053319,4.457150736689978,0.008075943104908305,0.965343634940067,False
TF16,ipsilateral,0.313,LRP,-0.09988555850502062,4.8694677294782505,0.0017762789004568977,0.9936725259339001,False
TF16,ipsilateral,0.376,CP,-0.10035865380063631,0.34145515639774826,0.0002763452457103265,0.18251489822541933,False
TF16,ipsilateral,0.376,ERP,0.3142870663228422,4.077524391810587,0.007993277544361278,0.9661689864120783,False
TF16,ipsilateral,0.376,LRP,-0.08384541216705094,4.725657924592281,0.0014814469894087634,0.9943238399857176,False
TF16,ipsilateral,0.438,CP,-0.13164418727644311,0.17383974940296265,0.00020409842335138617,0.07022082606689817,False
TF16,ipsilateral,0.438,ERP,0.2673604770614678,3.922502888356286,0.007071845067891072,0.9708336179652517,False
TF16,ipsilateral,0.438,LRP,-0.1602297130083214,4.671965767043607,0.0011050792482566083,0.9954032608568987,False
TF16,contralateral,0.188,CP,-0.015077578885610114,0.7296686806737255,2.556147939201911e-06,0.9969211258027454,False
TF16,contralateral,0.188,ERP,0.38551296750398134,4.191070578454524,0.00020685848334492838,0.9795482094702006,False
TF16,contralateral,0.188,LRP,0.5737882311460406,5.584044409032719,0.001789438411440969,0.9800658115043965,False
TF16,contralateral,0.188,DP,0.693215066199069,3.034343573921513,0.003429528868669843,0.9783536363622953,False
TF16,contralateral,0.25,CP,-0.050559949162588026,0.5304022371424725,3.485367737603347e-05,0.935892386764265,False
TF16,contralateral,0.25,ERP,0.683082458759853,6.7556780026082235,0.002732102895428368,0.9601872877643017,False
TF16,contralateral,0.25,LRP,0.7820908218460474,5.818630171883666,4.7514129100031154e-05,0.9987209099950164,False
TF16,contralateral,0.25,DP,0.9814727307333929,3.2757570932945868,0.0036900884570911273,0.9841919241023349,False
TF16,contralateral,0.313,CP,-0.07118518466081739,0.35239505627474516,7.820669875737853e-05,0.7610115865190485,False
TF16,contralateral,0.313,ERP,0.4333179328746818,3.961353962209762,0.00038761108817534056,0.9695937836506647,False
TF16,contralateral,0.313,LRP,0.8144306922972666,8.712789057236392,0.0007376846042177534,0.9934963878736685,False
TF16,contralateral,0.313,DP,1.158752053894036,3.4840231467078455,0.0023632057148365274,0.9908381508657546,False
TF16,contralateral,0.376,CP,-0.184835012115292,-0.221627121878513,0.0008840980833441291,0.11052887711524384,False
TF16,contralateral,0.376,ERP,0.34575659140301007,3.01011602731587,0.00034436158620895036,0.9667776500798905,False
TF16,contralateral,0.376,LRP,0.7619404615831716,9.691077686874747,0.0002175057705619519,0.9983392010890495,False
TF16,contralateral,0.376,DP,1.3100899351949788,3.4073652758713777,0.0017739730882280105,0.9935312398064192,False
TF16,contralateral,0.438,CP,-0.20000248934848044,-0.42896692580205303,0.0009403521646543224,0.29854333000132993,False
TF16,contralateral,0.438,ERP,0.342962306307709,2.886606996563817,0.00020268673136843816,0.9763419924605524,False
TF16,contralateral,0.438,LRP,0.7173425021460399,9.746310068563902,0.0011287187660682164,0.9918205841542027,False
TF16,contralateral,0.438,DP,1.4657095857680968,3.5177617863788124,0.007812239180576517,0.975442611172015,False
TF17,ipsilateral,0.182,CP,-0.06306699973554648,0.9396138414182944,2.1040202180072866e-05,0.8850455186277464,False
TF17,ipsilateral,0.182,ERP,-0.06555566670673496,4.879701897687548,0.0028210557199258865,0.9841499392768205,False
TF17,ipsilateral,0.182,LRP,-0.361600600546339,5.8666394440821605,0.00783450208005728,0.9535666026184095,False
TF17,ipsilateral,0.243,CP,-0.05874628581157874,0.9138116169134476,1.774494705043655e-05,0.9252404343211567,False
TF17,ipsilateral,0.243,ERP,-0.07422655368015363,4.6984437197113325,0.00455763444231612,0.978504525043456,False
TF17,ipsilateral,0.243,LRP,-0.46036431568416847,6.151869834369752,0.007312863553617829,0.9689697922671616,False
TF17,ipsilateral,0.304,CP,-0.10002431959481055,0.8133360711595907,0.00010527785711283683,0.6716616214479474,False
TF17,ipsilateral,0.304,ERP,-0.06804137024299162,4.533936574848742,0.006811124152692694,0.9718066192921371,False
TF17,ipsilateral,0.304,LRP,-0.5245748929537692,6.288037749776078,0.007093464803060177,0.9761271999885899,False
TF17,ipsilateral,0.365,CP,-0.14217848483267045,1.0406355581289513,0.0004222565688136282,0.5162117871551167,False
TF17,ipsilateral,0.365,ERP,-0.051252830014870576,4.379412552561176,0.008705452246038418,0.9672055086327849,False
TF17,ipsilateral,0.365,LRP,-0.5009488386086032,6.092345873559461,0.0036497500362152615,0.9900612113104446,False
TF17,ipsilateral,0.425,CP,-0.15212140663826015,1.0368097531031526,0.0005688095269973892,0.5015060924926678,False
TF17,ipsilateral,0.425,ERP,-0.04201155468756834,4.08832622870324,0.013872989998578337,0.9504030836026593,False
TF17,ipsilateral,0.425,LRP,-0.6247018759105064,6.221133211671315,0.003907943563493525,0.9896340046609122,False
TF17,contralateral,0.182,CP,0.005894859069909636,1.0241456880123012,9.33045469428807e-06,0.9844266307280499,False
TF17,contralateral,0.182,ERP,0.2190514780236491,4.8524048274503055,0.0014566284494051773,0.9657016595048618,False
TF17,contralateral,0.182,LRP,0.08004533124604463,6.836885381219626,0.0010807681352940923,0.9815655973364671,False
TF17,contralateral,0.182,DP,0.7608735593179681,2.5263921187811964,0.004061254216887069,0.9812031782356655,False
TF17,contralateral,0.243,CP,-0.03966478278604345,0.59080612419018,7.566456907362873e-05,0.7916853000319459,False
TF17,contralateral,0.243,ERP,0.29479864860908345,5.944967447688105,0.005002785107734217,0.9561039109287863,False
TF17,contralateral,0.243,LRP,-0.03321173512380615,9.687661759488991,1.7987081882425308e-05,0.9992649374730327,False
TF17,contralateral,0.243,DP,0.9814126020161454,2.8159412246887032,0.0036354311868684094,0.9878974891669073,False
TF17,contralateral,0.304,CP,-0.04535923924259675,0.5364963973776266,6.210823107479756e-05,0.8075537323033641,False
TF17,contralateral,0.304,ERP,0.3245513269992636,6.175280896615825,0.008690352678682019,0.9396134509900996,False
TF17,contralateral,0.304,LRP,-0.23751518344489186,12.303782812305306,0.0003649611157590357,0.990452482520103,False
TF17,contralateral,0.304,DP,1.1737206140892347,3.207047400042649,0.0043344745756738285,0.989150181393084,False
TF17,contralateral,0.365,CP,-0.12223430549546851,0.08603491674861996,0.00046826590648895377,0.015134444570102712,False
TF17,contralateral,0.365,ERP,0.3838840587689209,6.18215048910755,0.0105517720602661,0.923245369912028,False
TF17,contralateral,0.365,LRP,-0.21148893460660978,14.472373519329132,0.0019456461722324406,0.9659384688516932,False
TF17,contralateral,0.365,DP,1.4296358272398755,3.539770851457361,0.00364059182673566,0.9926081854107994,False
TF17,contralateral,0.425,CP,-0.13218681978402505,-0.07982106751637583,0.00044540729565931554,0.016020567173738676,False
TF17,contralateral,0.425,ERP,0.400702755016119,5.479239444783751,0.008524472163656737,0.9346048810596785,False
TF17,contralateral,0.425,LRP,-0.5953717859212047,18.11569154341981,0.003814377619461773,0.9622100148210321,False
TF17,contralateral,0.425,DP,1.595663692908625,4.013371805607435,0.005308868318833992,0.9914152898680232,False
TF18,ipsilateral,0.128,CP,-0.025994161303013075,-0.1957845851979971,0.00015444979458482103,0.04922523870036066,False
TF18,ipsilateral,0.128,ERP,0.39131428532352996,5.5267194771885135,0.0019197170222737144,0.9817007884658098,False
TF18,ipsilateral,0.128,LRP,-0.34715413929594835,9.223435799428083,0.0005878172780760674,0.994937238724338,False
TF18,ipsilateral,0.16,CP,-0.03838202530680766,-0.30691349827861664,0.00013208947060743546,0.15303036650226687,False
TF18,ipsilateral,0.16,ERP,0.3911131996353572,5.4837558346924755,0.0011400876077953892,0.9909512964142768,False
TF18,ipsilateral,0.16,LRP,-0.35941065896148566,9.074092533248052,0.00039159375137433995,0.9974467095500744,False
TF18,ipsilateral,0.192,CP,-0.03253205440956548,0.221494649675109,3.410994676476232e-05,0.3261060127900466,False
TF18,ipsilateral,0.192,ERP,0.408725641454278,5.354544471863694,0.0016066466057144129,0.9891885365966051,False
TF18,ipsilateral,0.192,LRP,-0.39435363710173854,9.234027691459454,0.00023992539071525598,0.9986563222365888,False
TF18,ipsilateral,0.223,CP,-0.04159672885168406,0.18821840665007228,3.238276064611022e-05,0.3011403085977338,False
TF18,ipsilateral,0.223,ERP,0.39505575779416713,5.314340414201543,0.0012793553566466346,0.9922685087173063,False
TF18,ipsilateral,0.223,LRP,-0.4275784633946372,9.109428223999862,0.0010815488759394146,0.9938646613625242,False
TF18,ipsilateral,0.255,CP,-0.051100578835876716,0.02392202019884898,5.658911106597714e-05,0.004056185742126739,False
TF18,ipsilateral,0.255,ERP,0.3800844401485371,5.237473157105146,0.0011034485385325785,0.994045767439825,False
TF18,ipsilateral,0.255,LRP,-0.4684307171960344,9.079659649154298,0.0001037026775172095,0.9995721334788261,False
TF18,contralateral,0.128,CP,-0.01071849785710309,0.13490691073119024,3.452478003465959e-05,0.40351963662892676,False
TF18,contralateral,0.128,ERP,0.35554195591746063,3.3630818342370095,0.00014028766736102184,0.9777307487822704,False
TF18,contralateral,0.128,LRP,0.3593219669713551,3.6485231042995347,0.00032603890931046754,0.9927895406456871,False
TF18,contralateral,0.128,DP,0.3882684358692621,2.7594648007739964,0.0013227813945762884,0.984060590901422,False
TF18,contralateral,0.16,CP,-0.0064768419107579765,0.19752578912100735,3.0322005358062378e-05,0.7128691404674206,False
TF18,contralateral,0.16,ERP,0.3315923283143172,2.5804412531996106,5.6099381601398775e-05,0.9892699761683645,False
TF18,contralateral,0.16,LRP,0.3324730081662498,3.4456716133018475,0.0008053958484042963,0.9859995119548771,False
TF18,contralateral,0.16,DP,0.3815448032298926,2.7838031827449634,0.001929398059228122,0.9821280682561426,False
TF18,contralateral,0.192,CP,-0.011137924614285172,0.42632474023118117,0.00014648666498915053,0.7718270573226814,False
TF18,contralateral,0.192,ERP,0.38404211812303335,2.7211074197943814,7.687582307451806e-05,0.9948231858880806,False
TF18,contralateral,0.192,LRP,0.3754182977648075,3.4386211646139744,3.791342529416447e-05,0.9974798746349539,False
TF18,contralateral,0.192,DP,0.2821570327171592,4.2732058803695345,1.4874294064752827e-05,0.9987886165852581,False
TF18,contralateral,0.223,CP,-0.02206365391129183,0.3739815991969541,0.00031150535206284004,0.6942716214392538,False
TF18,contralateral,0.223,ERP,0.5796445253479625,3.040581585774096,5.1927820610896664e-05,0.9971392247449514,False
TF18,contralateral,0.223,LRP,0.6000809802796149,4.175707222047316,0.00027436533130561233,0.9958202417885206,False
TF18,contralateral,0.223,DP,0.7545071212449221,3.1161066635868444,0.0030682705074774816,0.9849922884300067,False
TF18,contralateral,0.255,CP,-0.031045556827775093,0.3343743837364629,0.00039078069106085055,0.6778080749190747,False
TF18,contralateral,0.255,ERP,0.7283325274928643,3.0010360199785886,0.00017516818185260246,0.9895029667779506,False
TF18,contralateral,0.255,LRP,0.798288133109152,4.294816107089338,0.0008423964169334608,0.9880502409527562,False
TF18,contralateral,0.255,DP,0.9956023510037888,2.919691667143252,0.0012588041087281798,0.9938091302939789,False
TF19,ipsilateral,0.199,CP,-0.03835724184439539,0.012978229697656128,1.1759002965518632e-05,0.004713229170844269,False
TF19,ipsilateral,0.199,ERP,0.24041724617969412,3.373784379579603,0.004356236875123107,0.9728457449126845,False
TF19,ipsilateral,0.199,LRP,-0.11162656930384479,3.6106908242264,0.0021235851384292233,0.9867758604525373,False
TF19,ipsilateral,0.266,CP,-0.058582399458561335,-0.03906499213138897,1.8498827813832766e-05,0.02908750606057986,False
TF19,ipsilateral,0.266,ERP,0.2240007045375368,3.1483412443781686,0.0027847087102823086,0.9854344383630833,False
TF19,ipsilateral,0.266,LRP,-0.19106259553638366,3.718972053157626,0.0029572883025285658,0.9863610686788861,False
TF19,ipsilateral,0.332,CP,-0.06723281216552372,-0.12852649017202372,2.3638913304255096e-05,0.3135175052054783,False
TF19,ipsilateral,0.332,ERP,0.2955846577406968,3.023001521555639,0.0014166990892082025,0.9931962509416112,False
TF19,ipsilateral,0.332,LRP,-0.16048158109548832,3.852834713783922,0.0026188883272342607,0.9900984484266573,False
TF19,ipsilateral,0.398,CP,-0.10425464619894324,-0.5243865412908565,7.186763519845011e-05,0.6809919071743624,False
TF19,ipsilateral,0.398,ERP,0.2941515021948566,2.9913394745593647,0.0011362634861638782,0.9951340866459317,False
TF19,ipsilateral,0.398,LRP,-0.1148929631108121,3.7732729972519112,0.0011232236406836123,0.9963459966679487,False
TF19,ipsilateral,0.465,CP,-0.12197078186106915,-0.5320651193806456,0.00018779195620781175,0.6456509477572152,False
TF19,ipsilateral,0.465,ERP,0.30879192145525053,2.858379620832839,0.0007633479414322025,0.9970967978844496,False
TF19,ipsilateral,0.465,LRP,-0.1600535647079384,3.734839040729528,0.0005593815328766737,0.9983769047212879,False
TF19,contralateral,0.199,CP,-0.013194738665278052,0.6385013405981413,5.883007707954131e-06,0.9880355255854549,False
TF19,contralateral,0.199,ERP,0.33368855058247987,4.305904208825873,0.001491152014708223,0.9654484009377547,False
TF19,contralateral,0.199,LRP,0.47884006649666516,3.027679602709096,7.020508413576412e-05,0.9979730128726753,False
TF19,contralateral,0.199,DP,0.34695349729536634,2.9891738040100555,0.0031083919203174545,0.9784443075513208,False
TF19,contralateral,0.266,CP,-0.034546266622984996,0.6704550528310382,1.3935507341956176e-05,0.9808918384854222,False
TF19,contralateral,0.266,ERP,0.360028435849364,4.057255805389168,0.0010272971707023441,0.9776598117702872,False
TF19,contralateral,0.266,LRP,0.3627689930208666,4.472255084315158,0.0012328877319985499,0.9832832021749361,False
TF19,contralateral,0.266,DP,0.5966205902127945,3.433275501545469,0.0026579272775764124,0.9892997919103651,False
TF19,contralateral,0.332,CP,-0.03963162451826257,0.6026084433626672,2.753193577590933e-05,0.961366485048803,False
TF19,contralateral,0.332,ERP,0.4141528697153329,3.953744354228288,0.0003378095363611221,0.9925180908779079,False
TF19,contralateral,0.332,LRP,0.32616641075316277,5.966865887536262,0.001866109650885036,0.9808022402303139,False
TF19,contralateral,0.332,DP,0.9048771722619248,3.658089966125077,0.0006440748905115959,0.9980068830362195,False
TF19,contralateral,0.398,CP,-0.0904967502218454,0.4877528764839254,0.00012477755634266797,0.8106783263674392,False
TF19,contralateral,0.398,ERP,0.4299719326011895,3.8384234749363917,0.00014727130206660812,0.9974233794455343,False
TF19,contralateral,0.398,LRP,0.16071176628933193,8.703805612378709,0.001448611356350846,0.9871805080814844,False
TF19,contralateral,0.398,DP,1.198115042702113,3.8647357259089627,0.0016996559069358851,0.9957707964793299,False
TF19,contralateral,0.465,CP,-0.08932185235863915,0.2848304698769621,0.0001828219505964799,0.5185286968411791,False
TF19,contralateral,0.465,ERP,0.5419899413403109,4.01298500327916,8.362216857803153e-05,0.998628802280094,False
TF19,contralateral,0.465,LRP,0.1356063308822374,12.772325996603557,0.0016522805679685428,0.9864734653917255,False
TF19,contralateral,0.465,DP,1.5132522819132848,4.163537612488778,0.003479946639829709,0.9925369081016843,False
TF20,ipsilateral,0.126,CP,-0.014834034450699696,2.352833475155383,1.9992466236054458e-05,0.9960293311488939,False
TF20,ipsilateral,0.126,ERP,0.2911045527613296,5.2218049240949815,0.0004035203361966809,0.9938342300028775,False
TF20,ipsilateral,0.126,LRP,-0.2325068699626918,10.598103574344094,0.001806472440785763,0.9228508234614003,False
TF20,ipsilateral,0.157,CP,-0.022802272980244342,2.246899268231373,3.995742520879797e-05,0.991445693278255,False
TF20,ipsilateral,0.157,ERP,0.3177602632961829,5.3357578126449345,0.0005925352085586742,0.9928676194313807,False
TF20,ipsilateral,0.157,LRP,-0.18229325386064146,8.929904864794123,0.0017877741385740886,0.9483099160024662,False
TF20,ipsilateral,0.189,CP,-0.020748680331597186,2.3012617142638616,7.381314256194377e-05,0.985517947395522,False
TF20,ipsilateral,0.189,ERP,0.3334606309736594,5.624068248556869,0.0005718129411077306,0.9953188587355607,False
TF20,ipsilateral,0.189,LRP,-0.2327268030091645,9.156359427312108,0.001522304523325464,0.9711215607822503,False
TF20,ipsilateral,0.22,CP,-0.03256398907520794,2.4162786877488305,0.0001070049256987526,0.9811975001887225,False
TF20,ipsilateral,0.22,ERP,0.28622863584395486,5.9423680599176425,0.0007140583380326168,0.9956830308583213,False
TF20,ipsilateral,0.22,LRP,-0.4309571544153671,10.186888631025834,0.0015122104300131327,0.9849798412467164,False
TF20,ipsilateral,0.252,CP,-0.04182899876352744,2.382648166416072,9.404772920854145e-05,0.984879354772226,False
TF20,ipsilateral,0.252,ERP,0.16063749262322094,4.121914382575263,0.000126377806122826,0.9858258665845414,False
TF20,ipsilateral,0.252,LRP,0.28115856623188334,6.265301752857198,0.0005507279991676747,0.996293487322928,False
TF20,contralateral,0.126,CP,-0.04806136042085894,0.3210247393816014,0.0015609788114024617,0.25952204149438207,False
TF20,contralateral,0.126,ERP,2.196425555818842,9.560764199519598,0.0020859758372778546,0.9505590048404706,False
TF20,contralateral,0.126,LRP,1.1067833844373978,2.3723479368345157,0.0007502454693869652,0.9627299982098688,False
TF20,contralateral,0.126,DP,0.7475666309788062,4.020820321588337,0.0024934521814618795,0.97838721407943,False
TF20,contralateral,0.157,CP,-0.03897818858236741,0.4022141862239136,0.0014297412775713283,0.4379755006955176,False
TF20,contralateral,0.157,ERP,2.573848133725411,10.155428743146032,0.0014307445480897603,0.9718621619019419,False
TF20,contralateral,0.157,LRP,1.2938299395413408,2.4630614405222664,0.0013608817394259393,0.9374041150518139,False
TF20,contralateral,0.157,DP,0.9658493712779115,4.34962139469412,0.0028839657382963755,0.9813814599651642,False
TF20,contralateral,0.189,CP,-0.04435224133240413,0.3433846795556203,0.0020241461087313634,0.34620345495510774,False
TF20,contralateral,0.189,ERP,2.1210583762097874,6.754108512809338,0.005340351349876498,0.9575797155673482,False
TF20,contralateral,0.189,LRP,1.5195917768257723,2.5357945119074876,8.174440026390335e-06,0.9871998666033074,False
TF20,contralateral,0.189,DP,1.4481959410389056,4.505107145904443,0.03040400782796062,0.8504792561500393,False
TF20,contralateral,0.22,CP,-0.04368712891569308,0.49046992639647324,0.0012534175728950647,0.6317669632513907,False
TF20,contralateral,0.22,ERP,1.9466035746911678,6.6017683995619665,0.0026011367069745375,0.9794395417047859,False
TF20,contralateral,0.22,LRP,1.5091926630872177,2.884149477969122,0.0007083564525996555,0.9468266446757627,False
TF20,contralateral,0.22,DP,1.3043400004315027,4.118733996643745,0.00332250418661783,0.9860480359814525,False
TF20,contralateral,0.252,CP,-0.06824291068184568,0.3195823705909536,0.0015936189789022264,0.4731043077787235,False
TF20,contralateral,0.252,ERP,2.6231378701982706,7.061174325180378,0.0025506884233284614,0.9832170599622774,False
TF20,contralateral,0.252,LRP,1.745354195898098,2.8810738853079494,0.00018195630204633715,0.9873552902801681,False
TF20,contralateral,0.252,DP,1.712063079770873,3.8476886733241806,0.0026236073854378314,0.9909849798264736,False
