,,AgeGroup,Age,Height,Mass,Gender,Dominance,LegLength,BorgScale,speed,mode,point 0,point 1,point 2,point 3,point 4,point 5,work abs,work prod,direction,CP,ERP,LRP,DP
S01,OC,Young,25,172.5,74.3,M,R,0.89,10.0,C,Overground,0.0,5.5,22.5,41.0,64.5,84.5,0.061,0.185,ccw,2.17,2.622,12.808,3.852
S01,OF,Young,25,172.5,74.3,M,R,0.89,10.0,F,Overground,0.0,6.0,22.0,38.5,62.0,85.5,0.008,0.343,ccw,2.72,3.194,-0.044,3.683
S01,OS,Young,25,172.5,74.3,M,R,0.89,10.0,S,Overground,0.0,5.5,25.5,46.0,65.5,82.5,0.089,0.104,ccw,1.535,2.881,10.307,3.896
S01,T01,Young,25,172.5,74.3,M,R,0.89,10.0,VS,Treadmill,0.0,3.5,31.5,52.0,67.0,82.5,0.116,0.044,cw,-0.061,3.092,6.679,5.93
S01,T02,Young,25,172.5,74.3,M,R,0.89,10.0,VS,Treadmill,0.0,4.5,32.0,49.5,65.5,82.0,0.16,0.016,cw,-0.056,3.48,7.942,5.176
S01,T03,Young,25,172.5,74.3,M,R,0.89,10.0,S,Treadmill,0.0,5.0,27.5,47.5,65.0,81.5,0.165,0.048,ccw,-0.09,3.298,9.639,4.588
S01,T04,Young,25,172.5,74.3,M,R,0.89,10.0,S,Treadmill,0.0,5.5,29.0,47.5,65.0,83.5,0.148,0.071,ccw,0.063,3.199,10.914,4.88
S01,T05,Young,25,172.5,74.3,M,R,0.89,10.0,C,Treadmill,0.0,6.0,28.0,41.0,64.0,83.5,0.087,0.164,ccw,0.111,4.167,15.186,5.277
S01,T06,Young,25,172.5,74.3,M,R,0.89,10.0,F,Treadmill,0.0,6.0,27.5,40.5,63.0,84.0,0.077,0.198,ccw,0.352,3.316,0.032,5.309
S01,T07,Young,25,172.5,74.3,M,R,0.89,10.0,F,Treadmill,0.0,6.0,29.0,42.5,62.5,84.5,0.045,0.287,ccw,0.514,3.602,-0.008,5.31
S01,T08,Young,25,172.5,74.3,M,R,0.89,10.0,VF,Treadmill,0.0,6.0,24.0,39.0,62.0,85.5,0.036,0.353,ccw,0.601,2.994,-0.04,4.76
S02,OC,Young,22,166.8,52.9,F,R,0.865,13.0,C,Overground,0.0,7.0,24.0,41.0,65.0,86.5,0.08,0.219,ccw,1.336,2.179,9.591,2.927
S02,OF,Young,22,166.8,52.9,F,R,0.865,13.0,F,Overground,0.0,7.5,25.5,38.5,62.0,84.5,0.069,0.316,ccw,1.565,2.913,12.203,2.994
S02,OS,Young,22,166.8,52.9,F,R,0.865,13.0,S,Overground,0.0,7.0,33.0,48.0,69.0,87.0,0.123,0.062,ccw,0.979,2.704,8.834,2.557
S02,T01,Young,22,166.8,52.9,F,R,0.865,13.0,VS,Treadmill,0.0,4.0,22.5,57.0,74.5,89.0,0.084,0.136,cw,-0.232,6.756,3.062,2.122
S02,T02,Young,22,166.8,52.9,F,R,0.865,13.0,VS,Treadmill,0.0,5.5,34.5,51.5,71.0,88.0,0.16,0.018,cw,-0.301,4.621,7.223,2.895
S02,T03,Young,22,166.8,52.9,F,R,0.865,13.0,S,Treadmill,0.0,6.0,33.5,49.0,69.5,88.0,0.148,0.074,ccw,0.017,3.771,12.072,3.213
S02,T04,Young,22,166.8,52.9,F,R,0.865,13.0,S,Treadmill,0.0,6.0,32.0,48.5,67.5,87.5,0.161,0.077,ccw,0.034,3.187,12.331,3.275
S02,T05,Young,22,166.8,52.9,F,R,0.865,13.0,C,Treadmill,0.0,7.0,25.5,46.5,65.5,92.0,0.108,0.29,ccw,-1.037,6.024,-1.033,2.975
S02,T06,Young,22,166.8,52.9,F,R,0.865,13.0,F,Treadmill,0.0,6.5,30.5,43.5,64.0,88.0,0.101,0.222,ccw,-0.008,3.235,0.01,3.67
S02,T07,Young,22,166.8,52.9,F,R,0.865,13.0,F,Treadmill,0.0,7.5,31.0,44.0,62.0,90.5,0.095,0.299,ccw,-0.363,4.646,-6.043,3.882
S02,T08,Young,22,166.8,52.9,F,R,0.865,13.0,VF,Treadmill,0.0,7.5,27.0,40.5,61.5,93.0,0.099,0.438,ccw,-0.304,4.062,-6.963,3.943
S03,OC,Young,33,179.3,75.85,M,L,0.94,8.0,C,Overground,0.0,7.0,31.0,49.5,65.5,83.0,0.166,0.084,ccw,1.166,2.786,7.535,3.874
S03,OF,Young,33,179.3,75.85,M,L,0.94,8.0,F,Overground,0.0,7.0,35.5,49.0,64.0,84.0,0.101,0.152,ccw,1.601,4.428,10.684,4.13
S03,OS,Young,33,179.3,75.85,M,L,0.94,8.0,S,Overground,0.0,7.0,31.5,51.5,67.5,83.0,0.208,0.015,cw,0.367,1.87,5.077,3.439
S03,T01,Young,33,179.3,75.85,M,L,0.94,8.0,VS,Treadmill,0.0,6.0,24.5,55.5,72.5,86.0,0.09,0.144,cw,-0.215,3.096,2.989,4.413
S03,T02,Young,33,179.3,75.85,M,L,0.94,8.0,VS,Treadmill,0.0,6.0,32.0,52.5,67.5,83.5,0.131,0.077,cw,-0.01,3.459,5.38,4.757
S03,T03,Young,33,179.3,75.85,M,L,0.94,8.0,S,Treadmill,0.0,5.5,29.5,52.5,67.5,85.5,0.142,0.102,cw,0.066,2.189,5.368,5.28
S03,T04,Young,33,179.3,75.85,M,L,0.94,8.0,S,Treadmill,0.0,6.0,30.5,51.0,67.0,86.0,0.183,0.037,ccw,0.16,2.998,9.568,4.618
S03,T05,Young,33,179.3,75.85,M,L,0.94,8.0,C,Treadmill,0.0,6.0,30.5,50.0,66.5,86.0,0.147,0.038,ccw,0.227,3.028,10.89,4.186
S03,T06,Young,33,179.3,75.85,M,L,0.94,8.0,F,Treadmill,0.0,6.5,31.5,50.0,65.5,86.0,0.18,0.076,ccw,0.072,3.009,11.902,4.634
S03,T07,Young,33,179.3,75.85,M,L,0.94,8.0,F,Treadmill,0.0,5.5,29.5,48.0,64.0,84.5,0.046,0.043,cw,0.632,1.827,10.182,2.596
S03,T08,Young,33,179.3,75.85,M,L,0.94,8.0,VF,Treadmill,0.0,1.0,30.5,49.0,64.5,85.0,0.161,0.163,ccw,0.003,3.215,16.601,4.5
S04,OC,Young,24,184.0,61.05,M,R,0.94,9.0,C,Overground,0.0,5.5,25.5,44.5,63.5,83.0,0.147,0.159,ccw,1.228,2.128,8.997,4.227
S04,OF,Young,24,184.0,61.05,M,R,0.94,9.0,F,Overground,0.0,6.0,23.0,45.5,63.5,83.0,0.166,0.198,ccw,1.353,1.804,8.929,4.421
S04,OS,Young,24,184.0,61.05,M,R,0.94,9.0,S,Overground,0.0,5.5,30.5,46.0,65.0,82.5,0.152,0.061,ccw,0.734,2.724,8.041,4.354
S04,T01,Young,24,184.0,61.05,M,R,0.94,9.0,VS,Treadmill,0.0,5.0,37.0,50.5,69.0,82.5,0.168,0.064,cw,-0.182,2.919,7.159,5.118
S04,T02,Young,24,184.0,61.05,M,R,0.94,9.0,VS,Treadmill,0.0,6.5,35.5,51.0,68.0,83.5,0.184,0.033,cw,-0.127,2.327,7.972,4.979
S04,T03,Young,24,184.0,61.05,M,R,0.94,9.0,S,Treadmill,0.0,6.0,33.0,49.5,66.5,84.5,0.215,0.006,cw,-0.309,2.392,9.35,4.981
S04,T04,Young,24,184.0,61.05,M,R,0.94,9.0,S,Treadmill,0.0,6.0,29.5,45.0,65.0,83.5,0.213,0.051,ccw,-0.281,2.427,7.999,5.017
S04,T05,Young,24,184.0,61.05,M,R,0.94,9.0,C,Treadmill,0.0,6.5,21.5,44.0,64.0,82.5,0.214,0.111,ccw,-0.422,1.824,6.699,4.923
S04,T06,Young,24,184.0,61.05,M,R,0.94,9.0,F,Treadmill,0.0,6.5,22.5,43.5,64.0,83.0,0.193,0.202,ccw,-0.331,1.814,8.474,4.359
S04,T07,Young,24,184.0,61.05,M,R,0.94,9.0,F,Treadmill,0.0,6.5,29.5,42.5,63.0,83.0,0.154,0.297,ccw,-0.017,2.08,15.444,4.273
S04,T08,Young,24,184.0,61.05,M,R,0.94,9.0,VF,Treadmill,0.0,6.0,29.0,42.0,62.0,83.0,0.158,0.279,ccw,-0.015,2.15,16.891,4.514
S05,OC,Young,28,170.9,77.55,M,R,0.858333333333333,14.0,C,Overground,0.0,6.0,25.5,46.0,64.5,84.0,0.126,0.098,ccw,1.597,2.143,8.048,3.831
S05,OF,Young,28,170.9,77.55,M,R,0.855833333333333,14.0,F,Overground,0.0,7.0,30.0,44.5,63.0,84.0,0.088,0.152,ccw,2.028,2.734,12.384,4.422
S05,OS,Young,28,170.9,77.55,M,R,0.858333333333333,14.0,S,Overground,0.0,5.5,24.0,47.5,66.0,83.0,0.12,0.031,ccw,1.012,1.764,7.186,3.714
S05,T01,Young,28,170.9,77.55,M,R,0.855833333333333,14.0,VS,Treadmill,0.0,4.0,31.5,51.5,70.0,83.5,0.122,0.039,cw,-0.0,3.481,7.955,4.769
S05,T02,Young,28,170.9,77.55,M,R,0.858333333333333,14.0,VS,Treadmill,0.0,5.5,31.0,50.0,68.0,84.0,0.162,0.011,cw,-0.077,3.429,8.567,4.607
S05,T03,Young,28,170.9,77.55,M,R,0.855833333333333,14.0,S,Treadmill,0.0,6.0,31.0,49.5,67.0,85.0,0.169,0.018,ccw,-0.039,3.083,9.812,4.213
S05,T04,Young,28,170.9,77.55,M,R,0.858333333333333,14.0,S,Treadmill,0.0,6.0,29.5,47.0,65.0,85.0,0.16,0.046,ccw,-0.007,2.821,10.239,4.417
S05,T05,Young,28,170.9,77.55,M,R,0.855833333333333,14.0,C,Treadmill,0.0,7.0,29.0,44.0,65.0,86.0,0.152,0.194,ccw,0.022,2.888,10.839,3.899
S05,T06,Young,28,170.9,77.55,M,R,0.858333333333333,14.0,F,Treadmill,0.0,7.0,29.0,43.0,63.5,85.0,0.133,0.165,ccw,0.074,2.883,12.406,4.389
S05,T07,Young,28,170.9,77.55,M,R,0.855833333333333,14.0,F,Treadmill,0.0,7.0,29.5,42.5,62.5,85.0,0.114,0.272,ccw,0.203,2.715,15.662,4.146
S05,T08,Young,28,170.9,77.55,M,R,0.856249999999999,14.0,VF,Treadmill,0.0,6.0,28.0,41.0,61.0,84.5,0.059,0.209,ccw,0.137,2.181,0.017,4.078
S06,OC,Young,25,174.2,83.15,M,R,0.91,11.0,C,Overground,0.0,5.5,31.5,47.0,64.0,84.0,0.093,0.142,ccw,1.353,2.993,9.669,3.393
S06,OF,Young,25,174.2,83.15,M,R,0.91,11.0,F,Overground,0.0,6.5,31.5,46.5,63.5,83.0,0.076,0.224,ccw,1.942,3.366,0.047,3.396
S06,OS,Young,25,174.2,83.15,M,R,0.91,11.0,S,Overground,0.0,5.5,24.0,50.0,66.0,83.0,0.115,0.057,ccw,1.093,2.176,6.41,3.442
S06,T01,Young,25,174.2,83.15,M,R,0.91,11.0,VS,Treadmill,0.0,4.5,32.5,52.5,68.0,82.0,0.1,0.073,cw,-0.523,3.019,4.603,4.814
S06,T02,Young,25,174.2,83.15,M,R,0.91,11.0,VS,Treadmill,0.0,5.5,29.5,51.0,65.5,81.0,0.134,0.038,cw,-0.283,2.64,4.868,4.125
S06,T03,Young,25,174.2,83.15,M,R,0.91,11.0,S,Treadmill,0.0,6.0,30.0,50.5,65.5,83.0,0.166,0.005,ccw,-0.2,2.69,6.402,3.724
S06,T04,Young,25,174.2,83.15,M,R,0.91,11.0,S,Treadmill,0.0,6.0,31.5,49.5,65.5,84.0,0.167,0.059,ccw,-0.195,3.159,7.67,3.61
S06,T05,Young,25,174.2,83.15,M,R,0.91,11.0,C,Treadmill,0.0,6.5,32.5,48.0,65.0,85.0,0.14,0.119,ccw,-0.099,3.299,10.777,3.8
S06,T06,Young,25,174.2,83.15,M,R,0.91,11.0,F,Treadmill,0.0,6.5,31.5,46.0,64.0,84.0,0.121,0.183,ccw,-0.075,3.075,13.435,3.764
S06,T07,Young,25,174.2,83.15,M,R,0.91,11.0,F,Treadmill,0.0,6.5,31.0,45.0,63.0,83.0,0.106,0.213,ccw,0.015,3.033,16.772,3.914
S07,OC,Young,24,157.5,71.75,F,R,0.84,11.0,C,Overground,0.0,7.0,31.0,49.5,65.5,83.0,0.166,0.084,ccw,1.166,2.786,7.535,3.874
S07,OF,Young,24,157.5,71.75,F,R,0.84,11.0,F,Overground,0.0,7.0,35.5,49.0,64.0,84.0,0.101,0.152,ccw,1.601,4.428,10.684,4.13
S07,OS,Young,24,157.5,71.75,F,R,0.84,11.0,S,Overground,0.0,7.0,31.5,51.5,67.5,83.0,0.208,0.015,cw,0.367,1.87,5.077,3.439
S07,T01,Young,24,157.5,71.75,F,R,0.84,11.0,VS,Treadmill,0.0,6.0,24.5,55.5,72.5,86.0,0.09,0.144,cw,-0.215,3.096,2.989,4.413
S07,T02,Young,24,157.5,71.75,F,R,0.84,11.0,VS,Treadmill,0.0,6.0,32.0,52.5,67.5,83.5,0.131,0.077,cw,-0.01,3.459,5.38,4.757
S07,T03,Young,24,157.5,71.75,F,R,0.84,11.0,S,Treadmill,0.0,5.5,29.5,52.5,67.5,85.5,0.142,0.102,cw,0.066,2.189,5.368,5.28
S07,T04,Young,24,157.5,71.75,F,R,0.84,11.0,S,Treadmill,0.0,6.0,30.5,51.0,67.0,86.0,0.183,0.037,ccw,0.16,2.998,9.568,4.618
S07,T05,Young,24,157.5,71.75,F,R,0.84,11.0,C,Treadmill,0.0,6.0,30.5,50.0,66.5,86.0,0.147,0.038,ccw,0.227,3.028,10.89,4.186
S07,T06,Young,24,157.5,71.75,F,R,0.84,11.0,F,Treadmill,0.0,6.5,31.5,50.0,65.5,86.0,0.18,0.076,ccw,0.072,3.009,11.902,4.634
S07,T07,Young,24,157.5,71.75,F,R,0.84,11.0,F,Treadmill,0.0,5.5,29.5,48.0,64.0,84.5,0.046,0.043,cw,0.632,1.827,10.182,2.596
S07,T08,Young,24,157.5,71.75,F,R,0.84,11.0,VF,Treadmill,0.0,1.0,30.5,49.0,64.5,85.0,0.161,0.163,ccw,0.003,3.215,16.601,4.5
S08,OC,Young,36,182.5,64.0,M,R,0.97,12.0,C,Overground,0.0,6.5,19.5,48.0,64.0,84.5,0.168,0.133,ccw,1.623,1.365,6.625,3.73
S08,OF,Young,36,182.5,64.0,M,R,0.97,12.0,F,Overground,0.0,6.5,30.5,46.0,64.5,85.0,0.153,0.306,ccw,2.027,2.46,9.17,3.671
S08,OS,Young,36,182.5,64.0,M,R,0.97,12.0,S,Overground,0.0,6.5,22.5,51.0,67.0,85.5,0.179,0.028,ccw,0.986,1.54,5.658,3.33
S08,T01,Young,36,182.5,64.0,M,R,0.97,12.0,VS,Treadmill,0.0,4.5,18.5,54.0,70.0,84.5,0.128,0.075,cw,-0.225,2.297,4.006,3.546
S08,T02,Young,36,182.5,64.0,M,R,0.97,12.0,VS,Treadmill,0.0,5.5,31.0,52.5,67.5,84.0,0.175,0.063,cw,-0.125,2.546,5.568,3.876
S08,T03,Young,36,182.5,64.0,M,R,0.97,12.0,S,Treadmill,0.0,6.0,31.5,51.0,66.0,84.0,0.215,0.03,cw,0.03,2.697,6.393,3.811
S08,T04,Young,36,182.5,64.0,M,R,0.97,12.0,S,Treadmill,0.0,6.5,24.5,49.0,65.0,85.0,0.238,0.049,ccw,0.021,2.475,7.433,3.913
S08,T05,Young,36,182.5,64.0,M,R,0.97,12.0,C,Treadmill,0.0,6.5,30.5,48.0,65.0,87.0,0.225,0.099,ccw,0.242,2.791,8.405,3.623
S08,T06,Young,36,182.5,64.0,M,R,0.97,12.0,F,Treadmill,0.0,6.5,29.5,47.0,64.0,86.0,0.215,0.179,ccw,0.424,2.678,10.148,3.887
S08,T07,Young,36,182.5,64.0,M,R,0.97,12.0,F,Treadmill,0.0,5.5,29.5,45.5,62.0,84.5,0.175,0.245,ccw,0.656,2.338,13.942,4.345
S08,T08,Young,36,182.5,64.0,M,R,0.97,12.0,VF,Treadmill,0.0,5.5,30.5,45.5,61.5,84.0,0.129,0.263,ccw,0.951,1.868,21.925,4.225
S09,OC,Young,25,169.1,61.25,F,R,0.785833333333332,9.0,C,Overground,0.0,6.0,24.5,45.5,64.0,84.0,0.109,0.181,ccw,1.921,2.653,8.326,3.138
S09,OF,Young,25,169.1,61.25,F,R,0.787083333333332,9.0,F,Overground,0.0,6.5,27.0,43.0,62.0,85.5,0.06,0.277,ccw,1.996,3.207,17.74,3.406
S09,OS,Young,25,169.1,61.25,F,R,0.788333333333332,9.0,S,Overground,0.0,6.5,21.5,48.0,65.5,83.5,0.145,0.068,ccw,1.353,2.31,5.102,3.253
S09,T01,Young,25,169.1,61.25,F,R,0.785833333333332,9.0,VS,Treadmill,0.0,3.0,34.5,50.0,66.0,81.0,0.136,0.077,cw,-0.163,3.389,5.983,4.78
S09,T02,Young,25,169.1,61.25,F,R,0.787083333333332,9.0,VS,Treadmill,0.0,5.5,27.0,51.0,68.0,84.5,0.195,0.008,cw,0.052,2.304,5.822,3.553
S09,T03,Young,25,169.1,61.25,F,R,0.788333333333332,9.0,S,Treadmill,0.0,5.5,23.5,48.5,66.5,84.0,0.199,0.018,ccw,0.118,2.259,6.414,3.55
S09,T04,Young,25,169.1,61.25,F,R,0.785833333333332,9.0,S,Treadmill,0.0,5.0,25.0,46.5,66.0,84.5,0.148,0.071,ccw,0.115,2.273,7.788,3.395
S09,T05,Young,25,169.1,61.25,F,R,0.787083333333332,9.0,C,Treadmill,0.0,5.5,25.5,47.0,65.0,85.5,0.18,0.139,ccw,0.126,2.147,8.576,3.589
S09,T06,Young,25,169.1,61.25,F,R,0.788333333333332,9.0,F,Treadmill,0.0,6.0,27.5,45.5,65.0,86.5,0.151,0.195,ccw,0.26,2.017,11.529,3.261
S09,T07,Young,25,169.1,61.25,F,R,0.785833333333332,9.0,F,Treadmill,0.0,5.5,28.0,45.0,63.5,86.0,0.122,0.243,ccw,0.303,2.097,17.781,3.54
S09,T08,Young,25,169.1,61.25,F,R,0.787083333333332,9.0,VF,Treadmill,0.0,6.0,26.5,44.0,62.5,86.5,0.072,0.252,ccw,0.382,2.691,-0.039,3.836
S10,OC,Young,31,162.2,61.7,F,R,0.87,14.0,C,Overground,0.0,6.0,21.5,44.0,62.5,84.5,0.138,0.199,ccw,0.65,1.045,5.371,3.196
S10,OF,Young,31,162.2,61.7,F,R,0.87,14.0,F,Overground,0.0,6.0,26.5,42.5,61.0,84.0,0.1,0.329,ccw,1.028,0.863,8.605,3.597
S10,OS,Young,31,162.2,61.7,F,R,0.87,14.0,S,Overground,0.0,5.5,30.5,48.0,64.5,82.0,0.156,0.069,ccw,0.208,1.438,6.102,3.03
S10,T01,Young,31,162.2,61.7,F,R,0.87,14.0,VS,Treadmill,0.0,4.5,19.5,51.0,65.5,79.0,0.17,0.076,cw,-0.311,3.036,2.747,3.874
S10,T02,Young,31,162.2,61.7,F,R,0.87,14.0,VS,Treadmill,0.0,5.0,30.5,49.0,66.5,82.0,0.219,0.003,cw,-0.474,2.039,5.856,3.725
S10,T03,Young,31,162.2,61.7,F,R,0.87,14.0,S,Treadmill,0.0,5.5,31.5,47.5,65.5,83.0,0.21,0.037,ccw,-0.482,2.0,6.729,3.627
S10,T04,Young,31,162.2,61.7,F,R,0.87,14.0,S,Treadmill,0.0,6.0,26.0,47.0,65.0,85.5,0.192,0.121,ccw,-0.503,1.702,7.604,3.777
S10,T05,Young,31,162.2,61.7,F,R,0.87,14.0,C,Treadmill,0.0,5.0,27.5,44.0,62.5,84.0,0.11,0.026,ccw,-0.289,0.353,7.921,3.052
S10,T06,Young,31,162.2,61.7,F,R,0.87,14.0,F,Treadmill,0.0,6.0,28.0,44.5,62.5,84.0,0.174,0.178,ccw,-0.394,0.933,10.077,4.093
S10,T07,Young,31,162.2,61.7,F,R,0.87,14.0,F,Treadmill,0.0,6.0,28.5,42.0,61.5,85.0,0.174,0.289,ccw,-0.532,0.951,14.285,4.363
S10,T08,Young,31,162.2,61.7,F,R,0.87,14.0,VF,Treadmill,0.0,6.5,28.0,41.0,61.0,85.5,0.127,0.329,ccw,-0.344,0.919,17.533,3.985
S11,OC,Young,32,192.0,77.55,M,R,0.98,11.0,C,Overground,0.0,6.5,26.5,39.5,60.5,79.0,0.113,0.245,ccw,1.971,3.432,10.172,3.895
S11,OF,Young,32,192.0,77.55,M,R,0.98,11.0,F,Overground,0.0,8.0,32.5,45.5,63.5,84.0,0.085,0.412,ccw,2.68,5.894,-7.963,3.341
S11,OS,Young,32,192.0,77.55,M,R,0.98,11.0,S,Overground,0.0,6.5,25.5,44.0,67.5,83.5,0.125,0.121,ccw,1.283,3.293,8.984,4.271
S11,T01,Young,32,192.0,77.55,M,R,0.98,11.0,VS,Treadmill,0.0,5.5,30.5,51.5,70.5,83.5,0.179,0.012,ccw,0.203,2.872,9.548,4.404
S11,T02,Young,32,192.0,77.55,M,R,0.98,11.0,VS,Treadmill,0.0,6.5,30.5,47.5,68.0,82.5,0.166,0.085,ccw,0.467,3.415,11.072,4.913
S11,T03,Young,32,192.0,77.55,M,R,0.98,11.0,S,Treadmill,0.0,7.0,28.0,48.5,67.5,83.0,0.182,0.1,ccw,0.544,3.25,9.499,4.181
S11,T04,Young,32,192.0,77.55,M,R,0.98,11.0,S,Treadmill,0.0,6.5,25.0,39.5,66.0,83.0,0.143,0.205,ccw,0.628,4.314,10.557,3.948
S11,T05,Young,32,192.0,77.55,M,R,0.98,11.0,C,Treadmill,0.0,7.5,34.5,48.5,66.0,93.5,0.125,0.376,ccw,0.882,6.355,-2.827,3.297
S11,T06,Young,32,192.0,77.55,M,R,0.98,11.0,F,Treadmill,0.0,7.0,24.0,37.0,64.5,84.5,0.105,0.325,ccw,0.864,3.822,12.292,3.461
S11,T07,Young,32,192.0,77.55,M,R,0.98,11.0,F,Treadmill,0.0,7.5,31.0,44.0,64.0,86.0,0.077,0.4,ccw,1.238,4.995,-11.355,3.71
S11,T08,Young,32,192.0,77.55,M,R,0.98,11.0,VF,Treadmill,0.0,7.5,29.5,42.5,62.5,84.5,0.101,0.494,ccw,1.27,5.112,-6.099,3.439
S12,OC,Young,24,158.0,48.8,F,R,0.78,12.0,C,Overground,0.0,5.5,30.0,48.0,64.5,82.5,0.123,0.114,ccw,0.711,1.438,6.465,3.157
S12,OF,Young,24,158.0,48.8,F,R,0.78,12.0,F,Overground,0.0,6.0,31.0,45.5,64.0,84.0,0.105,0.219,ccw,1.081,2.019,8.189,2.867
S12,OS,Young,24,158.0,48.8,F,R,0.78,12.0,S,Overground,0.0,5.5,30.5,49.5,64.0,83.0,0.155,0.0,ccw,0.431,2.166,4.448,3.712
S12,T01,Young,24,158.0,48.8,F,R,0.78,12.0,VS,Treadmill,0.0,3.5,20.5,51.5,69.5,82.5,0.086,0.109,cw,-0.672,2.716,3.298,4.164
S12,T02,Young,24,158.0,48.8,F,R,0.78,12.0,VS,Treadmill,0.0,4.0,21.0,49.5,66.5,81.5,0.152,0.073,cw,-0.511,2.962,4.019,4.182
S12,T03,Young,24,158.0,48.8,F,R,0.78,12.0,S,Treadmill,0.0,5.0,29.0,49.5,67.0,82.5,0.157,0.074,cw,-0.475,2.6,4.723,4.042
S12,T04,Young,24,158.0,48.8,F,R,0.78,12.0,S,Treadmill,0.0,5.0,29.0,47.0,65.5,83.5,0.186,0.027,cw,-0.558,2.027,6.051,4.098
S12,T05,Young,24,158.0,48.8,F,R,0.78,12.0,C,Treadmill,0.0,5.0,30.0,47.0,65.0,84.0,0.179,0.019,ccw,-0.522,2.025,8.18,4.226
S12,T06,Young,24,158.0,48.8,F,R,0.78,12.0,F,Treadmill,0.0,5.0,30.0,45.0,64.5,83.5,0.153,0.054,ccw,-0.416,1.482,9.31,3.641
S12,T07,Young,24,158.0,48.8,F,R,0.78,12.0,F,Treadmill,0.0,6.0,30.5,45.5,64.0,83.5,0.164,0.116,ccw,-0.603,1.55,11.905,3.795
S12,T08,Young,24,158.0,48.8,F,R,0.78,12.0,VF,Treadmill,0.0,5.5,31.0,44.0,63.0,83.0,0.139,0.186,ccw,-0.623,1.434,16.547,3.826
S13,OC,Young,30,171.0,95.4,M,R,0.85,13.0,C,Overground,0.0,2.0,27.5,47.5,62.0,81.0,0.135,0.076,ccw,-0.02,1.06,7.741,3.996
S13,OF,Young,30,171.0,95.4,M,R,0.85,13.0,F,Overground,0.0,2.0,25.5,46.0,61.5,81.0,0.127,0.127,ccw,-0.016,0.775,9.152,3.911
S13,OS,Young,30,171.0,95.4,M,R,0.85,13.0,S,Overground,0.0,1.0,27.5,45.0,61.0,77.5,0.152,0.035,ccw,0.001,1.199,4.937,3.903
S13,T01,Young,30,171.0,95.4,M,R,0.85,13.0,VS,Treadmill,0.0,3.0,33.5,53.0,67.0,80.0,0.063,0.139,cw,0.752,2.192,1.777,3.566
S13,T02,Young,30,171.0,95.4,M,R,0.85,13.0,VS,Treadmill,0.0,3.0,34.5,50.5,65.0,79.5,0.094,0.092,cw,0.329,1.87,4.963,4.548
S13,T03,Young,30,171.0,95.4,M,R,0.85,13.0,S,Treadmill,0.0,3.0,29.5,48.0,63.0,79.5,0.126,0.067,cw,0.254,1.332,5.446,5.287
S13,T04,Young,30,171.0,95.4,M,R,0.85,13.0,S,Treadmill,0.0,2.0,27.0,49.0,64.0,81.0,0.159,0.013,cw,-0.049,1.119,6.715,4.771
S13,T05,Young,30,171.0,95.4,M,R,0.85,13.0,C,Treadmill,0.0,3.0,25.5,48.0,63.0,81.5,0.171,0.023,ccw,-0.314,1.085,7.722,4.578
S13,T06,Young,30,171.0,95.4,M,R,0.85,13.0,F,Treadmill,0.0,3.5,27.5,48.5,63.0,84.0,0.17,0.049,ccw,-0.635,1.15,9.415,4.579
S13,T07,Young,30,171.0,95.4,M,R,0.85,13.0,F,Treadmill,0.0,3.5,28.5,48.0,63.0,84.5,0.17,0.074,ccw,-0.446,1.064,10.291,4.675
S13,T08,Young,30,171.0,95.4,M,R,0.85,13.0,VF,Treadmill,0.0,4.0,29.5,47.5,62.5,84.0,0.163,0.129,ccw,-0.435,1.239,15.039,5.019
S14,OC,Young,31,153.0,64.95,F,L,0.8,6.0,C,Overground,0.0,6.0,30.5,45.5,68.0,85.5,0.101,0.077,ccw,0.7,1.965,6.61,1.913
S14,OF,Young,31,153.0,64.95,F,L,0.8,6.0,F,Overground,0.0,5.5,22.5,37.5,65.0,83.5,0.06,0.202,ccw,0.889,1.757,9.072,2.09
S14,OS,Young,31,153.0,64.95,F,L,0.8,6.0,S,Overground,0.0,6.0,23.5,47.5,69.0,85.0,0.121,0.051,ccw,0.519,1.266,5.52,1.904
S14,T01,Young,31,153.0,64.95,F,L,0.8,6.0,VS,Treadmill,0.0,3.5,22.5,53.0,70.0,83.0,0.082,0.11,cw,-0.479,2.14,3.217,2.8
S14,T02,Young,31,153.0,64.95,F,L,0.8,6.0,VS,Treadmill,0.0,4.5,28.5,51.5,66.0,82.0,0.128,0.079,cw,-0.242,1.958,4.399,3.298
S14,T03,Young,31,153.0,64.95,F,L,0.8,6.0,S,Treadmill,0.0,6.5,30.5,51.0,69.0,84.0,0.148,0.053,cw,-0.243,2.028,5.26,2.212
S14,T04,Young,31,153.0,64.95,F,L,0.8,6.0,S,Treadmill,0.0,6.5,26.0,48.5,68.5,84.0,0.179,0.01,ccw,-0.299,1.512,5.668,2.319
S14,T05,Young,31,153.0,64.95,F,L,0.8,6.0,C,Treadmill,0.0,6.5,28.5,44.0,67.5,84.0,0.148,0.065,ccw,-0.278,1.782,6.824,2.256
S14,T06,Young,31,153.0,64.95,F,L,0.8,6.0,F,Treadmill,0.0,6.5,26.5,42.0,57.0,84.5,0.149,0.128,ccw,-0.296,1.667,7.064,3.449
S14,T07,Young,31,153.0,64.95,F,L,0.8,6.0,F,Treadmill,0.0,5.5,28.0,41.0,65.0,83.5,0.116,0.185,ccw,-0.268,1.739,0.036,2.381
S14,T08,Young,31,153.0,64.95,F,L,0.8,6.0,VF,Treadmill,0.0,5.5,25.5,40.5,64.0,84.5,0.103,0.266,ccw,-0.272,1.783,-0.055,2.517
S15,OS,Young,23,180.6,89.3,M,R,0.92,15.0,S,Overground,0.0,6.0,30.5,49.5,66.0,84.5,0.124,0.078,ccw,1.35,3.995,11.266,4.126
S15,T01,Young,23,180.6,89.3,M,R,0.921666666666667,15.0,VS,Treadmill,0.0,5.5,27.5,52.5,66.0,93.5,0.108,0.109,cw,-0.011,3.271,5.113,5.413
S15,T02,Young,23,180.6,89.3,M,R,0.923055555555556,15.0,VS,Treadmill,0.0,6.5,30.5,53.5,69.0,83.5,0.159,0.065,cw,-0.074,3.698,6.303,4.152
S15,T04,Young,23,180.6,89.3,M,R,0.92,15.0,S,Treadmill,0.0,7.0,31.0,50.0,66.5,86.5,0.161,0.08,ccw,-0.071,3.97,15.722,4.196
S15,T05,Young,23,180.6,89.3,M,R,0.922222222222223,15.0,C,Treadmill,0.0,6.5,22.5,36.0,49.5,86.5,0.09,0.154,ccw,0.044,4.375,2.213,17.565
S15,T06,Young,23,180.6,89.3,M,R,0.92388888888889,15.0,F,Treadmill,0.0,6.5,22.5,47.5,64.0,86.5,0.077,0.273,ccw,0.428,3.427,-3.781,4.382
S15,T07,Young,23,180.6,89.3,M,R,0.92,15.0,F,Treadmill,0.0,7.0,23.5,45.0,62.5,86.0,0.085,0.33,ccw,0.375,2.685,-5.994,4.351
S15,T08,Young,23,180.6,89.3,M,R,0.92,15.0,VF,Treadmill,0.0,7.5,22.5,45.0,61.5,89.0,0.099,0.391,ccw,0.243,2.437,-4.03,4.298
S16,OC,Young,31,172.9,77.9,M,R,0.88,9.0,C,Overground,0.0,6.5,21.5,45.5,64.0,82.0,0.108,0.077,ccw,1.086,1.908,7.157,5.475
S16,OF,Young,31,172.9,77.9,M,R,0.88,9.0,F,Overground,0.0,7.0,25.5,42.0,61.5,79.5,0.028,0.131,ccw,1.461,2.22,11.01,6.251
S16,OS,Young,31,172.9,77.9,M,R,0.88,9.0,S,Overground,0.0,6.5,30.5,48.0,63.5,78.0,0.111,0.026,cw,0.674,1.841,6.987,6.559
S16,T01,Young,31,172.9,77.9,M,R,0.88,9.0,VS,Treadmill,0.0,5.0,41.0,54.0,69.0,82.0,0.098,0.108,cw,-0.196,2.869,5.139,5.834
S16,T02,Young,31,172.9,77.9,M,R,0.88,9.0,VS,Treadmill,0.0,5.5,34.5,51.5,66.5,81.5,0.106,0.089,cw,-0.144,2.77,7.341,6.943
S16,T03,Young,31,172.9,77.9,M,R,0.88,9.0,S,Treadmill,0.0,6.5,28.5,49.5,67.5,83.0,0.148,0.014,cw,-0.095,2.72,7.992,5.984
S16,T04,Young,31,172.9,77.9,M,R,0.88,9.0,S,Treadmill,0.0,7.0,30.0,46.5,66.5,83.5,0.151,0.006,ccw,-0.023,2.731,8.668,6.101
S16,T05,Young,31,172.9,77.9,M,R,0.88,9.0,C,Treadmill,0.0,6.5,28.5,42.0,66.0,83.5,0.116,0.059,ccw,-0.022,3.583,10.487,5.745
S16,T06,Young,31,172.9,77.9,M,R,0.88,9.0,F,Treadmill,0.0,7.0,28.5,44.0,65.0,83.5,0.101,0.073,ccw,-0.029,2.833,13.575,6.119
S16,T07,Young,31,172.9,77.9,M,R,0.88,9.0,F,Treadmill,0.0,7.0,30.0,43.5,63.5,82.5,0.058,0.102,ccw,-0.08,3.506,0.035,7.207
S16,T08,Young,31,172.9,77.9,M,R,0.88,9.0,VF,Treadmill,0.0,6.0,27.5,40.5,61.5,81.0,0.007,0.027,ccw,0.303,2.017,0.042,5.567
S17,OC,Young,28,185.5,79.05,M,R,0.98,11.0,C,Overground,0.0,5.5,27.0,45.5,66.5,88.5,0.093,0.151,ccw,1.358,3.151,10.17,3.464
S17,OF,Young,28,185.5,79.05,M,R,0.98,11.0,F,Overground,0.0,5.0,25.0,42.5,64.5,85.5,0.084,0.269,ccw,1.558,2.638,12.649,3.676
S17,OS,Young,28,185.5,79.05,M,R,0.98,11.0,S,Overground,0.0,5.5,31.5,45.5,70.0,88.0,0.108,0.103,ccw,1.06,2.673,7.646,3.111
S17,T01,Young,28,185.5,79.05,M,R,0.98,11.0,VS,Treadmill,0.0,3.5,33.0,48.0,71.0,87.0,0.125,0.017,cw,-0.673,4.149,0.083,4.334
S17,T02,Young,28,185.5,79.05,M,R,0.98,11.0,VS,Treadmill,0.0,3.0,32.0,47.0,68.5,87.0,0.131,0.001,ccw,-0.242,3.98,0.064,4.928
S17,T03,Young,28,185.5,79.05,M,R,0.98,11.0,S,Treadmill,0.0,5.0,32.5,45.5,69.5,89.5,0.108,0.086,ccw,-0.109,4.869,0.042,3.984
S17,T04,Young,28,185.5,79.05,M,R,0.98,11.0,S,Treadmill,0.0,5.0,30.5,45.5,67.5,90.0,0.097,0.133,ccw,0.004,4.529,0.023,4.052
S17,T05,Young,28,185.5,79.05,M,R,0.98,11.0,C,Treadmill,0.0,6.0,31.0,44.0,67.0,88.5,0.128,0.133,ccw,-0.004,3.514,0.047,3.873
S17,T06,Young,28,185.5,79.05,M,R,0.98,11.0,F,Treadmill,0.0,5.5,30.0,45.0,65.5,88.5,0.125,0.165,ccw,0.107,3.191,17.374,4.284
S17,T07,Young,28,185.5,79.05,M,R,0.98,11.0,F,Treadmill,0.0,5.5,23.5,43.0,64.5,86.5,0.111,0.247,ccw,0.145,2.839,0.013,4.358
S17,T08,Young,28,185.5,79.05,M,R,0.98,11.0,VF,Treadmill,0.0,6.0,23.5,41.5,63.0,84.0,0.097,0.33,ccw,0.428,3.012,-0.022,4.681
S18,OC,Young,28,167.5,59.3,F,R,0.86,16.0,C,Overground,0.0,6.5,29.0,44.0,63.0,88.0,0.098,0.153,ccw,0.672,2.047,8.146,3.334
S18,OF,Young,28,167.5,59.3,F,R,0.86,16.0,F,Overground,0.0,6.5,23.0,41.5,61.0,87.0,0.06,0.24,ccw,0.83,1.17,11.115,3.588
S18,OS,Young,28,167.5,59.3,F,R,0.86,16.0,S,Overground,0.0,5.5,27.0,48.5,65.5,81.0,0.124,0.052,ccw,0.442,1.024,6.559,3.834
S18,T01,Young,28,167.5,59.3,F,R,0.86,16.0,VS,Treadmill,0.0,3.0,31.0,55.5,68.5,82.0,0.043,0.119,cw,-0.495,3.244,3.124,3.99
S18,T02,Young,28,167.5,59.3,F,R,0.86,16.0,VS,Treadmill,0.0,4.5,31.0,52.5,67.5,84.0,0.097,0.091,cw,-0.388,3.072,5.607,4.913
S18,T03,Young,28,167.5,59.3,F,R,0.86,16.0,S,Treadmill,0.0,5.5,30.0,50.5,65.0,84.0,0.154,0.038,cw,-0.326,2.423,7.227,5.001
S18,T04,Young,28,167.5,59.3,F,R,0.86,16.0,S,Treadmill,0.0,5.5,29.5,49.0,63.0,85.0,0.086,0.045,cw,-0.222,1.676,6.657,4.422
S18,T05,Young,28,167.5,59.3,F,R,0.86,16.0,C,Treadmill,0.0,6.5,31.5,46.5,63.5,88.0,0.123,0.081,ccw,-0.214,2.554,11.535,4.827
S18,T06,Young,28,167.5,59.3,F,R,0.86,16.0,F,Treadmill,0.0,6.5,29.5,42.5,62.5,87.0,0.094,0.136,ccw,-0.232,2.202,12.76,4.69
S18,T07,Young,28,167.5,59.3,F,R,0.86,16.0,F,Treadmill,0.0,6.5,32.0,46.0,62.0,89.5,0.085,0.255,ccw,-0.402,2.557,-8.371,4.176
S18,T08,Young,28,167.5,59.3,F,R,0.86,16.0,VF,Treadmill,0.0,6.5,28.5,45.5,61.0,90.5,0.072,0.267,ccw,-0.362,2.177,-4.096,4.186
S19,OC,Young,29,175.8,66.25,M,R,0.89,11.0,C,Overground,0.0,5.0,31.0,47.5,69.5,89.5,0.092,0.117,ccw,1.105,1.968,8.913,2.732
S19,OF,Young,29,175.8,66.25,M,R,0.89,11.0,F,Overground,0.0,5.5,31.0,45.0,66.0,85.5,0.074,0.231,ccw,1.517,1.867,11.307,3.1
S19,OS,Young,29,175.8,66.25,M,R,0.89,11.0,S,Overground,0.0,4.5,24.0,50.0,71.0,87.5,0.097,0.067,ccw,0.763,1.445,7.162,2.622
S19,T01,Young,29,175.8,66.25,M,R,0.89,11.0,VS,Treadmill,0.0,5.0,38.0,55.0,76.5,89.5,0.255,0.028,cw,-0.191,3.481,3.615,2.664
S19,T02,Young,29,175.8,66.25,M,R,0.89,11.0,VS,Treadmill,0.0,5.0,26.5,50.0,72.0,87.0,0.165,0.015,ccw,-0.232,2.769,7.46,3.12
S19,T03,Young,29,175.8,66.25,M,R,0.89,11.0,S,Treadmill,0.0,4.5,31.5,51.5,70.0,87.0,0.169,0.009,ccw,-0.407,2.748,7.9,3.403
S19,T04,Young,29,175.8,66.25,M,R,0.89,11.0,S,Treadmill,0.0,5.5,30.5,50.5,69.5,88.0,0.174,0.043,ccw,-0.199,2.311,8.161,3.455
S19,T05,Young,29,175.8,66.25,M,R,0.89,11.0,C,Treadmill,0.0,5.5,31.5,49.5,68.0,88.0,0.174,0.071,ccw,-0.012,2.415,8.247,3.877
S19,T06,Young,29,175.8,66.25,M,R,0.89,11.0,F,Treadmill,0.0,5.5,30.5,49.5,66.5,87.0,0.181,0.082,ccw,0.01,2.065,9.251,4.18
S19,T07,Young,29,175.8,66.25,M,R,0.89,11.0,F,Treadmill,0.0,6.0,31.5,47.5,66.0,87.0,0.144,0.15,ccw,0.062,2.141,12.514,4.335
S19,T08,Young,29,175.8,66.25,M,R,0.89,11.0,VF,Treadmill,0.0,6.5,31.5,46.0,65.0,85.5,0.142,0.228,ccw,-0.014,2.061,17.179,4.937
S20,OC,Young,21,169.5,62.45,F,R,0.88,9.0,C,Overground,0.0,5.5,29.5,47.5,65.0,88.0,0.098,0.152,ccw,1.529,3.812,9.109,2.795
S20,OF,Young,21,169.5,62.45,F,R,0.88,9.0,F,Overground,0.0,6.5,30.0,44.5,63.5,86.0,0.022,0.259,ccw,2.271,3.45,0.014,3.384
S20,OS,Young,21,169.5,62.45,F,R,0.88,9.0,S,Overground,0.0,6.0,30.5,50.5,68.5,87.0,0.124,0.094,ccw,0.826,2.88,6.871,2.834
S20,T01,Young,21,169.5,62.45,F,R,0.88,9.0,VS,Treadmill,0.0,4.0,20.5,55.0,71.0,85.0,0.117,0.078,cw,-0.698,3.079,3.382,3.218
S20,T02,Young,21,169.5,62.45,F,R,0.88,9.0,VS,Treadmill,0.0,5.0,30.5,53.0,70.0,85.5,0.139,0.052,cw,-0.394,3.125,4.32,3.162
S20,T03,Young,21,169.5,62.45,F,R,0.88,9.0,S,Treadmill,0.0,5.5,31.0,51.5,68.5,86.5,0.177,0.006,ccw,-0.223,2.862,6.105,3.237
S20,T04,Young,21,169.5,62.45,F,R,0.88,9.0,S,Treadmill,0.0,6.0,35.0,50.0,66.0,86.0,0.162,0.026,ccw,-0.2,2.697,7.426,3.439
S20,T05,Young,21,169.5,62.45,F,R,0.88,9.0,C,Treadmill,0.0,6.5,31.5,48.5,65.5,88.5,0.14,0.112,ccw,0.041,2.72,9.487,3.397
S20,T06,Young,21,169.5,62.45,F,R,0.88,9.0,F,Treadmill,0.0,6.5,31.0,47.5,65.0,87.0,0.095,0.163,ccw,0.248,2.764,16.702,3.938
S20,T07,Young,21,169.5,62.45,F,R,0.88,9.0,F,Treadmill,0.0,6.5,30.5,46.5,64.0,87.0,0.067,0.187,ccw,0.573,2.427,0.029,4.179
S20,T08,Young,21,169.5,62.45,F,R,0.88,9.0,VF,Treadmill,0.0,6.0,27.0,45.5,64.0,88.0,0.042,0.219,ccw,0.749,1.777,-0.033,4.316
S21,OC,Young,22,180.7,61.5,M,R,0.91,12.0,C,Overground,0.0,6.0,25.0,41.0,61.5,82.5,0.098,0.287,ccw,2.628,3.652,7.982,3.143
S21,OF,Young,22,180.7,61.5,M,R,0.91,12.0,F,Overground,0.0,6.5,24.5,43.5,62.5,84.0,0.131,0.256,ccw,2.413,3.069,6.805,3.193
S21,OS,Young,22,180.7,61.5,M,R,0.91,12.0,S,Overground,0.0,6.0,20.5,44.5,64.5,83.0,0.112,0.116,ccw,1.803,2.252,6.678,3.964
S21,T01,Young,22,180.7,61.5,M,R,0.91,12.0,VS,Treadmill,0.0,2.0,28.0,43.5,67.5,84.5,0.128,0.026,ccw,0.024,4.299,0.082,5.145
S21,T02,Young,22,180.7,61.5,M,R,0.91,12.0,VS,Treadmill,0.0,4.5,24.5,44.0,68.0,85.0,0.145,0.063,ccw,-0.294,3.348,7.516,4.356
S21,T03,Young,22,180.7,61.5,M,R,0.91,12.0,S,Treadmill,0.0,4.0,30.0,43.0,65.0,85.0,0.123,0.106,ccw,-0.738,4.383,-0.121,3.988
S21,T04,Young,22,180.7,61.5,M,R,0.91,12.0,S,Treadmill,0.0,5.5,21.5,43.0,65.5,86.5,0.152,0.152,ccw,0.222,2.957,7.479,3.564
S21,T05,Young,22,180.7,61.5,M,R,0.91,12.0,C,Treadmill,0.0,6.5,23.0,44.0,65.0,86.5,0.155,0.226,ccw,0.53,3.117,8.58,3.667
S21,T06,Young,22,180.7,61.5,M,R,0.91,12.0,F,Treadmill,0.0,7.0,23.5,41.0,63.0,86.0,0.113,0.27,ccw,0.869,4.282,10.848,3.627
S21,T07,Young,22,180.7,61.5,M,R,0.91,12.0,F,Treadmill,0.0,7.0,27.0,40.0,62.5,84.5,0.098,0.351,ccw,0.759,4.161,0.049,3.834
S21,T08,Young,22,180.7,61.5,M,R,0.91,12.0,VF,Treadmill,0.0,8.0,24.5,37.5,62.0,85.5,0.083,0.431,ccw,0.91,4.2,0.037,3.757
S22,OC,Young,25,170.5,61.15,F,R,0.87,14.0,C,Overground,0.0,5.5,30.0,44.0,63.0,82.5,0.096,0.229,ccw,1.424,1.863,11.048,3.413
S22,OF,Young,25,170.5,61.15,F,R,0.87,14.0,F,Overground,0.0,6.0,29.0,43.0,60.5,81.0,0.08,0.283,ccw,2.064,1.856,15.352,4.307
S22,OS,Young,25,170.5,61.15,F,R,0.87,14.0,S,Overground,0.0,6.0,32.0,48.5,66.5,84.5,0.12,0.117,ccw,0.769,1.369,7.7,3.297
S22,T01,Young,25,170.5,61.15,F,R,0.87,14.0,VS,Treadmill,0.0,4.5,32.5,52.5,70.5,83.5,0.14,0.049,cw,-0.039,2.144,4.698,3.812
S22,T02,Young,25,170.5,61.15,F,R,0.87,14.0,VS,Treadmill,0.0,5.5,31.5,50.0,67.0,82.5,0.177,0.024,cw,-0.078,1.872,6.814,4.302
S22,T03,Young,25,170.5,61.15,F,R,0.87,14.0,S,Treadmill,0.0,6.5,31.5,49.0,66.5,84.0,0.198,0.029,ccw,0.038,1.819,7.755,4.199
S22,T04,Young,25,170.5,61.15,F,R,0.87,14.0,S,Treadmill,0.0,6.0,29.0,47.5,65.0,83.5,0.174,0.093,ccw,0.053,1.92,9.6,4.363
S22,T05,Young,25,170.5,61.15,F,R,0.87,14.0,C,Treadmill,0.0,6.0,31.5,46.0,63.5,83.0,0.164,0.155,ccw,0.173,2.138,12.542,4.414
S22,T06,Young,25,170.5,61.15,F,R,0.87,14.0,F,Treadmill,0.0,6.0,32.5,45.5,63.0,83.0,0.16,0.208,ccw,0.074,2.21,15.789,4.679
S22,T08,Young,25,170.5,61.15,F,R,0.87,14.0,VF,Treadmill,0.0,6.0,25.5,44.0,61.5,83.5,0.112,0.277,ccw,0.327,1.525,20.0,5.659
S23,OC,Young,28,155.0,44.9,F,R,0.81,14.0,C,Overground,0.0,7.0,25.0,44.5,63.5,84.0,0.104,0.221,ccw,1.239,1.836,10.083,3.807
S23,OF,Young,28,155.0,44.9,F,R,0.81,14.0,F,Overground,0.0,8.0,27.5,41.5,60.5,81.5,0.052,0.308,ccw,1.904,2.844,17.17,3.932
S23,OS,Young,28,155.0,44.9,F,R,0.81,14.0,S,Overground,0.0,6.5,22.5,46.5,66.0,85.0,0.128,0.124,ccw,0.802,1.529,7.12,3.519
S23,T01,Young,28,155.0,44.9,F,R,0.81,14.0,VS,Treadmill,0.0,4.5,39.5,53.5,68.5,82.5,0.107,0.044,cw,0.037,2.281,4.901,3.437
S23,T02,Young,28,155.0,44.9,F,R,0.81,14.0,VS,Treadmill,0.0,5.5,32.0,51.0,67.5,84.0,0.172,0.004,ccw,-0.181,1.904,7.684,3.548
S23,T03,Young,28,155.0,44.9,F,R,0.81,14.0,S,Treadmill,0.0,6.5,30.0,49.0,66.0,84.0,0.163,0.055,ccw,0.007,1.974,8.225,3.6
S23,T04,Young,28,155.0,44.9,F,R,0.81,14.0,S,Treadmill,0.0,7.5,27.5,47.0,65.0,84.5,0.144,0.117,ccw,0.063,1.78,9.478,3.711
S23,T05,Young,28,155.0,44.9,F,R,0.81,14.0,C,Treadmill,0.0,8.0,29.0,45.5,63.0,83.5,0.12,0.188,ccw,0.09,2.053,12.25,3.863
S23,T07,Young,28,155.0,44.9,F,R,0.81,14.0,F,Treadmill,0.0,8.0,27.0,40.0,60.0,83.5,0.031,0.334,ccw,0.071,2.078,0.008,4.195
S23,T08,Young,28,155.0,44.9,F,R,0.81,14.0,VF,Treadmill,0.0,8.0,27.0,42.0,58.5,84.0,0.219,0.373,ccw,-0.062,2.387,-18.598,4.76
S24,OC,Young,37,155.0,69.55,M,R,0.75,9.0,C,Overground,0.0,5.5,29.5,46.0,64.5,83.0,0.082,0.117,ccw,1.034,2.579,9.331,2.761
S24,OF,Young,37,155.0,69.55,M,R,0.75,9.0,F,Overground,0.0,6.5,31.0,47.0,64.0,85.5,0.087,0.137,ccw,1.362,2.682,10.717,2.83
S24,OS,Young,37,155.0,69.55,M,R,0.75,9.0,S,Overground,0.0,4.5,28.0,47.0,65.0,79.5,0.079,0.058,ccw,0.692,2.444,8.038,2.832
S24,T01,Young,37,155.0,69.55,M,R,0.75,9.0,VS,Treadmill,0.0,4.5,29.5,54.0,71.0,84.0,0.093,0.027,cw,-0.251,2.222,4.898,3.569
S24,T02,Young,37,155.0,69.55,M,R,0.75,9.0,VS,Treadmill,0.0,4.5,32.0,54.0,68.5,81.5,0.114,0.021,cw,-0.28,2.207,5.995,3.42
S24,T03,Young,37,155.0,69.55,M,R,0.75,9.0,S,Treadmill,0.0,4.5,30.0,52.5,68.0,83.5,0.141,0.002,cw,-0.108,2.158,6.135,3.287
S24,T04,Young,37,155.0,69.55,M,R,0.75,9.0,S,Treadmill,0.0,5.5,29.5,52.0,67.0,84.0,0.163,0.015,ccw,-0.205,1.913,6.567,3.369
S24,T05,Young,37,155.0,69.55,M,R,0.75,9.0,C,Treadmill,0.0,5.5,30.5,50.0,65.5,84.5,0.146,0.035,ccw,-0.009,1.935,8.101,3.56
S24,T06,Young,37,155.0,69.55,M,R,0.75,9.0,F,Treadmill,0.0,6.5,30.0,49.5,65.0,86.0,0.153,0.052,ccw,-0.153,1.656,9.218,3.341
S24,T07,Young,37,155.0,69.55,M,R,0.75,9.0,F,Treadmill,0.0,6.5,29.5,48.5,64.5,86.0,0.159,0.085,ccw,-0.054,1.383,11.428,3.422
S24,T08,Young,37,155.0,69.55,M,R,0.75,9.0,VF,Treadmill,0.0,6.5,24.5,48.0,64.0,86.0,0.173,0.138,ccw,0.09,1.585,12.373,3.552
S25,OC,Older,59,168.0,67.5,M,R,0.89,7.0,C,Overground,0.0,5.0,26.0,44.5,64.5,84.5,0.093,0.143,ccw,2.307,3.554,8.128,3.644
S25,OF,Older,59,168.0,67.5,M,R,0.89,7.0,F,Overground,0.0,6.0,32.5,45.5,63.5,85.0,0.072,0.25,ccw,2.35,3.876,13.943,4.107
S25,OS,Older,59,168.0,67.5,M,R,0.89,7.0,S,Overground,0.0,4.5,31.0,46.0,66.0,84.5,0.102,0.105,ccw,1.571,3.408,8.659,3.482
S25,T01,Older,59,168.0,67.5,M,R,0.89,7.0,VS,Treadmill,0.0,2.5,28.5,51.5,68.0,81.0,0.061,0.102,cw,-0.201,5.416,5.865,5.595
S25,T02,Older,59,168.0,67.5,M,R,0.89,7.0,VS,Treadmill,0.0,3.0,29.5,52.0,67.0,82.5,0.054,0.097,cw,-0.165,4.33,5.634,4.243
S25,T03,Older,59,168.0,67.5,M,R,0.89,7.0,S,Treadmill,0.0,4.0,31.5,50.0,66.0,83.5,0.108,0.039,cw,-0.002,4.049,9.085,5.48
S25,T04,Older,59,168.0,67.5,M,R,0.89,7.0,S,Treadmill,0.0,4.5,32.5,50.5,66.0,84.5,0.126,0.021,cw,0.153,3.496,9.226,5.466
S25,T05,Older,59,168.0,67.5,M,R,0.89,7.0,C,Treadmill,0.0,5.5,30.0,49.5,65.5,85.0,0.14,0.013,ccw,0.134,3.281,10.325,5.251
S25,T06,Older,59,168.0,67.5,M,R,0.89,7.0,F,Treadmill,0.0,5.5,31.0,48.0,64.5,84.5,0.135,0.055,ccw,-0.036,3.634,13.027,5.236
S25,T07,Older,59,168.0,67.5,M,R,0.89,7.0,F,Treadmill,0.0,6.0,30.0,47.0,63.5,85.0,0.121,0.089,ccw,0.094,3.62,14.195,5.84
S25,T08,Older,59,168.0,67.5,M,R,0.89,7.0,VF,Treadmill,0.0,6.5,30.5,45.0,63.5,85.5,0.087,0.159,ccw,0.389,3.333,20.034,6.174
S26,OC,Older,57,151.5,64.65,F,R,0.81,6.0,C,Overground,0.0,6.0,24.0,43.0,63.5,85.5,0.095,0.156,ccw,1.219,2.227,6.605,3.17
S26,OF,Older,57,151.5,64.65,F,R,0.81,6.0,F,Overground,0.0,6.5,24.5,41.0,62.0,85.5,0.083,0.2,ccw,1.291,1.823,8.071,3.229
S26,OS,Older,57,151.5,64.65,F,R,0.81,6.0,S,Overground,0.0,5.5,28.5,41.5,62.0,81.5,0.147,0.044,ccw,0.567,2.256,6.49,3.604
S26,T01,Older,57,151.5,64.65,F,R,0.81,6.0,VS,Treadmill,0.0,4.0,30.5,48.0,68.0,85.0,0.105,0.031,cw,-0.985,3.238,7.302,4.891
S26,T02,Older,57,151.5,64.65,F,R,0.81,6.0,VS,Treadmill,0.0,5.5,31.5,48.0,67.0,85.0,0.128,0.027,cw,-0.55,2.626,6.559,4.548
S26,T03,Older,57,151.5,64.65,F,R,0.81,6.0,S,Treadmill,0.0,6.0,28.5,44.0,65.5,85.5,0.133,0.033,ccw,-0.44,2.175,7.592,4.307
S26,T04,Older,57,151.5,64.65,F,R,0.81,6.0,S,Treadmill,0.0,6.0,25.0,42.0,64.5,86.0,0.126,0.101,ccw,-0.371,1.916,8.872,3.907
S26,T05,Older,57,151.5,64.65,F,R,0.81,6.0,C,Treadmill,0.0,6.5,26.0,41.0,63.5,87.0,0.116,0.162,ccw,-0.257,1.833,9.945,3.766
S26,T06,Older,57,151.5,64.65,F,R,0.81,6.0,F,Treadmill,0.0,6.5,25.5,40.0,62.5,87.0,0.107,0.222,ccw,-0.239,1.591,10.826,3.592
S26,T07,Older,57,151.5,64.65,F,R,0.81,6.0,F,Treadmill,0.0,6.5,25.5,38.5,61.5,86.0,0.101,0.216,ccw,-0.382,1.165,12.372,3.621
S26,T08,Older,57,151.5,64.65,F,R,0.81,6.0,VF,Treadmill,0.0,7.0,24.5,37.5,60.5,88.0,0.098,0.232,ccw,-0.329,1.105,13.663,3.578
S27,OC,Older,55,165.6,79.1,M,R,0.86,9.0,C,Overground,0.0,6.0,31.5,45.5,63.5,86.0,0.09,0.114,ccw,0.695,2.45,0.07,2.937
S27,OF,Older,55,165.6,79.1,M,R,0.86,9.0,F,Overground,0.0,6.5,30.0,45.0,62.0,88.0,0.067,0.206,ccw,0.878,1.829,-11.113,2.913
S27,OS,Older,55,165.6,79.1,M,R,0.86,9.0,S,Overground,0.0,5.0,30.5,50.5,65.5,86.0,0.116,0.039,ccw,0.392,1.603,7.546,3.022
S27,T01,Older,55,165.6,79.1,M,R,0.86,9.0,VS,Treadmill,0.0,3.5,33.0,54.0,69.5,91.0,0.132,0.057,cw,-1.64,3.406,4.786,3.385
S27,T02,Older,55,165.6,79.1,M,R,0.86,9.0,VS,Treadmill,0.0,4.5,32.5,52.0,67.0,89.0,0.131,0.037,cw,-1.368,2.62,7.113,3.525
S27,T03,Older,55,165.6,79.1,M,R,0.86,9.0,S,Treadmill,0.0,5.0,32.5,50.5,66.5,90.0,0.156,0.017,cw,-1.375,2.213,8.314,3.487
S27,T04,Older,55,165.6,79.1,M,R,0.86,9.0,S,Treadmill,0.0,5.0,32.0,47.0,65.5,91.0,0.157,0.04,ccw,-1.143,2.553,9.725,3.531
S27,T05,Older,55,165.6,79.1,M,R,0.86,9.0,C,Treadmill,0.0,6.0,33.5,47.0,65.0,91.5,0.144,0.073,ccw,-0.703,2.219,9.528,3.211
S27,T06,Older,55,165.6,79.1,M,R,0.86,9.0,F,Treadmill,0.0,6.0,32.5,46.0,64.0,89.5,0.121,0.15,ccw,-0.628,2.136,-0.029,3.091
S27,T08,Older,55,165.6,79.1,M,R,0.86,9.0,VF,Treadmill,0.0,5.5,28.5,43.0,58.0,86.5,0.257,0.145,ccw,-1.435,3.07,2.111,2.273
S28,OC,Older,50,164.5,71.75,M,R,0.87,6.0,C,Overground,0.0,6.5,28.0,46.0,64.0,87.5,0.101,0.152,ccw,1.019,2.494,9.69,4.241
S28,OF,Older,50,164.5,71.75,M,R,0.87,6.0,F,Overground,0.0,7.0,29.0,45.0,62.5,87.5,0.068,0.209,ccw,1.162,2.906,16.927,4.541
S28,OS,Older,50,164.5,71.75,M,R,0.87,6.0,S,Overground,0.0,5.5,23.5,51.5,66.0,85.0,0.133,0.019,ccw,0.607,1.784,6.459,4.037
S28,T01,Older,50,164.5,71.75,M,R,0.87,6.0,VS,Treadmill,0.0,3.0,28.5,55.0,70.0,87.5,0.091,0.068,cw,-0.197,4.619,7.065,4.577
S28,T02,Older,50,164.5,71.75,M,R,0.87,6.0,VS,Treadmill,0.0,4.5,22.0,52.5,67.0,86.0,0.119,0.068,cw,-0.777,3.444,6.753,4.939
S28,T03,Older,50,164.5,71.75,M,R,0.87,6.0,S,Treadmill,0.0,4.5,27.0,51.0,66.5,87.5,0.154,0.024,cw,-1.112,3.325,9.246,5.068
S28,T04,Older,50,164.5,71.75,M,R,0.87,6.0,S,Treadmill,0.0,6.0,27.5,49.0,65.0,87.0,0.166,0.022,ccw,-0.758,2.83,10.346,4.949
S28,T05,Older,50,164.5,71.75,M,R,0.87,6.0,C,Treadmill,0.0,6.5,28.5,47.0,64.0,88.0,0.131,0.073,ccw,-0.476,2.759,15.324,5.33
S28,T06,Older,50,164.5,71.75,M,R,0.87,6.0,F,Treadmill,0.0,7.0,24.0,45.0,63.0,88.5,0.079,0.141,ccw,-0.353,2.88,0.03,5.722
S28,T07,Older,50,164.5,71.75,M,R,0.87,6.0,F,Treadmill,0.0,7.0,23.5,40.0,61.5,88.0,0.017,0.133,ccw,-0.328,2.292,-0.045,4.652
S29,OC,Older,71,175.0,65.35,M,L,0.91,10.0,C,Overground,0.0,6.0,22.5,43.5,63.0,82.0,0.094,0.18,ccw,1.266,1.71,9.345,3.579
S29,OF,Older,71,175.0,65.35,M,L,0.91,10.0,F,Overground,0.0,6.5,30.5,44.0,62.5,82.0,0.088,0.265,ccw,1.533,1.963,12.464,3.414
S29,OS,Older,71,175.0,65.35,M,L,0.91,10.0,S,Overground,0.0,5.5,30.0,48.5,65.5,83.5,0.131,0.054,ccw,0.864,2.633,7.824,3.5
S29,T01,Older,71,175.0,65.35,M,L,0.91,10.0,VS,Treadmill,0.0,5.0,30.0,54.0,67.5,81.0,0.068,0.131,cw,-1.05,4.069,3.487,4.2
S29,T02,Older,71,175.0,65.35,M,L,0.91,10.0,VS,Treadmill,0.0,6.0,28.5,52.5,67.0,81.5,0.065,0.141,cw,-1.251,3.316,4.668,3.959
S29,T03,Older,71,175.0,65.35,M,L,0.91,10.0,S,Treadmill,0.0,6.0,28.5,49.5,65.0,84.0,0.117,0.076,cw,-0.949,3.086,7.522,4.675
S29,T04,Older,71,175.0,65.35,M,L,0.91,10.0,S,Treadmill,0.0,6.5,29.0,49.5,64.0,87.5,0.131,0.011,ccw,-1.067,3.791,0.03,4.66
S29,T05,Older,71,175.0,65.35,M,L,0.91,10.0,C,Treadmill,0.0,6.5,30.5,46.0,64.5,85.5,0.146,0.042,ccw,-0.679,3.037,0.038,4.308
S29,T06,Older,71,175.0,65.35,M,L,0.91,10.0,F,Treadmill,0.0,7.0,29.0,43.0,64.5,85.5,0.104,0.147,ccw,-0.427,2.575,-0.004,3.944
S29,T07,Older,71,175.0,65.35,M,L,0.91,10.0,F,Treadmill,0.0,7.0,26.0,42.5,64.0,86.0,0.103,0.193,ccw,-0.229,2.431,-0.042,3.848
S30,OC,Older,58,157.0,48.4,F,R,0.79,10.0,C,Overground,0.0,6.0,30.5,47.0,65.5,84.5,0.169,0.019,ccw,0.466,1.264,6.159,3.321
S30,OF,Older,58,157.0,48.4,F,R,0.79,10.0,F,Overground,0.0,6.0,28.5,45.5,64.0,83.5,0.158,0.079,ccw,0.546,0.939,6.849,3.467
S30,OS,Older,58,157.0,48.4,F,R,0.79,10.0,S,Overground,0.0,5.5,29.5,49.0,66.0,83.5,0.161,0.035,cw,0.39,1.431,4.949,3.187
S30,T01,Older,58,157.0,48.4,F,R,0.79,10.0,VS,Treadmill,0.0,4.5,25.5,52.5,72.5,85.5,0.107,0.164,cw,-0.272,2.86,3.386,4.493
S30,T02,Older,58,157.0,48.4,F,R,0.79,10.0,VS,Treadmill,0.0,4.5,24.0,51.5,69.0,84.0,0.125,0.149,cw,-0.311,2.606,3.873,4.082
S30,T03,Older,58,157.0,48.4,F,R,0.79,10.0,S,Treadmill,0.0,5.5,28.5,51.0,67.5,84.0,0.145,0.124,cw,-0.517,2.192,5.132,4.137
S30,T04,Older,58,157.0,48.4,F,R,0.79,10.0,S,Treadmill,0.0,6.0,29.0,49.5,66.0,83.5,0.193,0.066,cw,-0.698,1.957,6.168,3.72
S30,T05,Older,58,157.0,48.4,F,R,0.79,10.0,C,Treadmill,0.0,6.0,31.5,49.0,65.5,85.0,0.2,0.037,cw,-0.601,1.448,7.302,3.598
S30,T06,Older,58,157.0,48.4,F,R,0.79,10.0,F,Treadmill,0.0,6.0,29.0,48.5,65.0,84.0,0.254,0.011,cw,-0.65,1.425,7.493,3.854
S30,T07,Older,58,157.0,48.4,F,R,0.79,10.0,F,Treadmill,0.0,6.0,30.0,47.0,64.5,84.5,0.239,0.05,ccw,-0.65,1.172,9.43,3.934
S30,T08,Older,58,157.0,48.4,F,R,0.79,10.0,VF,Treadmill,0.0,6.0,29.0,46.0,63.0,83.5,0.231,0.053,ccw,-0.692,0.651,9.941,4.515
S31,OC,Older,63,149.2,46.05,F,R,0.76,6.0,C,Overground,0.0,6.0,32.5,48.5,64.0,84.0,0.137,0.074,ccw,1.187,2.222,7.427,3.835
S31,OF,Older,63,149.2,46.05,F,R,0.76,6.0,F,Overground,0.0,7.0,33.5,46.5,64.0,86.0,0.111,0.17,ccw,1.397,1.947,8.418,3.545
S31,OS,Older,63,149.2,46.05,F,R,0.76,6.0,S,Overground,0.0,5.0,28.0,47.5,64.0,80.0,0.153,0.052,ccw,0.666,1.603,5.293,3.239
S31,T01,Older,63,149.2,46.05,F,R,0.76,6.0,VS,Treadmill,0.0,4.0,24.0,51.5,68.5,83.0,0.126,0.063,cw,-0.58,2.953,4.573,4.622
S31,T02,Older,63,149.2,46.05,F,R,0.76,6.0,VS,Treadmill,0.0,4.0,22.5,47.5,64.5,79.5,0.191,0.027,cw,-0.529,2.225,4.806,3.9
S31,T03,Older,63,149.2,46.05,F,R,0.76,6.0,S,Treadmill,0.0,5.5,22.5,47.5,64.5,82.5,0.178,0.003,ccw,-0.73,2.172,5.525,4.414
S31,T04,Older,63,149.2,46.05,F,R,0.76,6.0,S,Treadmill,0.0,5.5,22.5,45.0,64.0,83.5,0.171,0.053,ccw,-0.774,2.532,6.324,4.081
S31,T05,Older,63,149.2,46.05,F,R,0.76,6.0,C,Treadmill,0.0,5.5,28.5,44.5,63.5,84.5,0.149,0.094,ccw,-0.652,2.15,8.105,4.165
S31,T06,Older,63,149.2,46.05,F,R,0.76,6.0,F,Treadmill,0.0,6.0,30.5,44.5,63.5,86.0,0.152,0.15,ccw,-0.643,2.084,9.315,3.947
S31,T07,Older,63,149.2,46.05,F,R,0.76,6.0,F,Treadmill,0.0,6.5,30.5,43.5,63.0,88.0,0.131,0.217,ccw,-0.652,2.06,11.215,3.802
S31,T08,Older,63,149.2,46.05,F,R,0.76,6.0,VF,Treadmill,0.0,7.0,25.5,42.0,61.5,88.5,0.125,0.277,ccw,-0.673,1.653,10.709,3.862
S32,OC,Older,61,149.7,70.55,F,R,0.76,11.0,C,Overground,0.0,7.0,31.5,44.5,64.5,87.5,0.052,0.193,ccw,0.805,2.099,0.036,3.123
S32,OF,Older,61,149.7,70.55,F,R,0.76,11.0,F,Overground,0.0,8.0,33.0,47.5,62.5,86.5,0.031,0.325,ccw,0.999,1.779,-16.037,3.352
S32,OS,Older,61,149.7,70.55,F,R,0.76,11.0,S,Overground,0.0,5.5,32.5,51.0,65.5,83.5,0.138,0.024,ccw,0.445,1.879,6.963,3.18
S32,T01,Older,61,149.7,70.55,F,R,0.76,11.0,VS,Treadmill,0.0,3.5,33.5,54.0,70.0,83.0,0.104,0.035,cw,-0.29,2.152,5.901,3.702
S32,T02,Older,61,149.7,70.55,F,R,0.76,11.0,VS,Treadmill,0.0,4.5,34.0,52.5,68.0,84.0,0.133,0.027,ccw,-0.29,1.705,9.127,3.552
S32,T03,Older,61,149.7,70.55,F,R,0.76,11.0,S,Treadmill,0.0,5.5,34.5,48.5,67.0,85.5,0.129,0.117,ccw,-0.117,1.723,13.58,3.435
S32,T04,Older,61,149.7,70.55,F,R,0.76,11.0,S,Treadmill,0.0,5.0,30.0,45.0,65.0,85.0,0.085,0.176,ccw,0.325,2.296,11.444,3.418
S32,T05,Older,61,149.7,70.55,F,R,0.76,11.0,C,Treadmill,0.0,6.0,27.5,40.5,65.0,85.5,0.095,0.261,ccw,-0.145,1.616,0.046,3.164
S32,T06,Older,61,149.7,70.55,F,R,0.76,11.0,F,Treadmill,0.0,5.5,32.0,46.5,63.0,85.5,0.059,0.173,ccw,-0.074,1.254,-12.026,3.115
S33,OC,Older,63,172.3,72.25,M,R,0.88,6.0,C,Overground,0.0,5.5,25.0,44.0,61.5,81.0,0.125,0.14,ccw,1.794,4.423,8.702,5.048
S33,OF,Older,63,172.3,72.25,M,R,0.88,6.0,F,Overground,0.0,5.5,23.5,43.5,61.0,82.5,0.094,0.209,ccw,2.047,3.49,14.758,4.549
S33,OS,Older,63,172.3,72.25,M,R,0.88,6.0,S,Overground,0.0,4.5,19.5,44.5,62.5,79.5,0.129,0.098,ccw,1.301,2.183,7.148,4.284
S33,T01,Older,63,172.3,72.25,M,R,0.88,6.0,VS,Treadmill,0.0,2.5,22.5,49.5,67.5,80.5,0.146,0.015,cw,-0.304,4.222,7.195,6.061
S33,T02,Older,63,172.3,72.25,M,R,0.88,6.0,VS,Treadmill,0.0,4.0,27.5,48.5,66.5,80.0,0.14,0.025,cw,-0.302,3.245,8.981,6.145
S33,T03,Older,63,172.3,72.25,M,R,0.88,6.0,S,Treadmill,0.0,5.0,29.0,47.0,65.0,82.5,0.161,0.017,ccw,-0.129,3.042,10.263,5.569
S33,T04,Older,63,172.3,72.25,M,R,0.88,6.0,S,Treadmill,0.0,5.0,29.0,44.5,63.5,82.5,0.147,0.065,ccw,-0.156,2.981,13.863,6.097
S33,T05,Older,63,172.3,72.25,M,R,0.88,6.0,C,Treadmill,0.0,5.5,28.5,43.5,62.5,82.5,0.124,0.107,ccw,0.003,3.011,17.83,5.729
S33,T06,Older,63,172.3,72.25,M,R,0.88,6.0,F,Treadmill,0.0,5.5,29.5,42.5,62.0,83.0,0.1,0.166,ccw,0.108,3.219,0.025,5.559
S33,T07,Older,63,172.3,72.25,M,R,0.88,6.0,F,Treadmill,0.0,5.5,27.5,42.5,62.0,83.5,0.078,0.188,ccw,0.228,2.849,-0.004,5.726
S33,T08,Older,63,172.3,72.25,M,R,0.88,6.0,VF,Treadmill,0.0,5.5,25.5,42.5,61.0,84.0,0.089,0.233,ccw,0.148,2.757,-14.8,5.835
S34,OC,Older,62,164.5,70.5,M,R,0.83,6.0,C,Overground,0.0,5.5,22.0,47.5,66.5,85.0,0.122,0.121,ccw,0.626,1.125,4.894,3.334
S34,OF,Older,62,164.5,70.5,M,R,0.83,6.0,F,Overground,0.0,5.5,29.5,46.5,65.0,84.5,0.105,0.174,ccw,1.176,1.559,8.355,3.476
S34,OS,Older,62,164.5,70.5,M,R,0.83,6.0,S,Overground,0.0,5.0,31.5,49.0,66.0,82.5,0.132,0.054,ccw,0.469,1.243,6.682,3.64
S34,T01,Older,62,164.5,70.5,M,R,0.83,6.0,VS,Treadmill,0.0,4.0,34.5,48.0,68.5,83.0,0.179,0.002,ccw,-0.353,3.913,6.365,4.457
S34,T02,Older,62,164.5,70.5,M,R,0.83,6.0,VS,Treadmill,0.0,4.5,25.5,48.5,66.0,81.5,0.161,0.033,cw,-0.24,2.954,5.856,4.891
S34,T03,Older,62,164.5,70.5,M,R,0.83,6.0,S,Treadmill,0.0,4.5,23.5,47.5,66.0,83.0,0.186,0.012,cw,-0.177,2.338,5.777,4.636
S34,T04,Older,62,164.5,70.5,M,R,0.83,6.0,S,Treadmill,0.0,5.0,23.5,47.0,66.0,84.0,0.184,0.025,ccw,-0.164,2.154,6.305,4.398
S34,T05,Older,62,164.5,70.5,M,R,0.83,6.0,C,Treadmill,0.0,5.0,26.5,46.0,65.5,84.0,0.175,0.06,ccw,-0.102,2.211,7.876,4.344
S34,T06,Older,62,164.5,70.5,M,R,0.83,6.0,F,Treadmill,0.0,6.0,27.5,45.5,65.5,85.5,0.178,0.119,ccw,-0.123,2.041,8.902,4.329
S34,T07,Older,62,164.5,70.5,M,R,0.83,6.0,F,Treadmill,0.0,5.5,28.5,45.5,64.5,85.0,0.175,0.098,ccw,-0.088,2.15,9.208,4.467
S34,T08,Older,62,164.5,70.5,M,R,0.83,6.0,VF,Treadmill,0.0,6.0,27.0,45.0,64.0,84.0,0.173,0.13,ccw,-0.028,1.979,10.127,4.636
S35,OC,Older,68,167.0,70.25,M,R,0.86,6.0,C,Overground,0.0,7.0,22.5,48.5,66.0,85.0,0.111,0.122,ccw,1.429,2.195,7.797,3.423
S35,OF,Older,68,167.0,70.25,M,R,0.86,6.0,F,Overground,0.0,9.5,33.0,46.0,63.5,92.0,0.088,0.22,ccw,2.325,3.256,13.439,4.014
S35,OS,Older,68,167.0,70.25,M,R,0.86,6.0,S,Overground,0.0,8.5,31.5,52.5,69.0,87.0,0.123,0.059,ccw,0.928,1.759,7.547,3.302
S35,T01,Older,68,167.0,70.25,M,R,0.86,6.0,VS,Treadmill,0.0,5.0,35.0,55.5,73.5,86.5,0.097,0.074,cw,-0.363,4.142,4.14,3.421
S35,T02,Older,68,167.0,70.25,M,R,0.86,6.0,VS,Treadmill,0.0,7.0,33.0,55.5,72.0,87.5,0.136,0.048,cw,-0.114,2.817,5.779,3.399
S35,T03,Older,68,167.0,70.25,M,R,0.86,6.0,S,Treadmill,0.0,5.5,38.5,54.0,70.0,87.5,0.043,0.065,cw,0.246,1.941,5.552,1.99
S35,T04,Older,68,167.0,70.25,M,R,0.86,6.0,S,Treadmill,0.0,7.0,33.0,52.5,69.0,88.0,0.162,0.031,ccw,-0.24,2.351,8.905,3.274
S35,T05,Older,68,167.0,70.25,M,R,0.86,6.0,C,Treadmill,0.0,8.0,30.5,51.5,67.0,87.5,0.165,0.031,ccw,-0.307,2.509,9.632,3.896
S35,T06,Older,68,167.0,70.25,M,R,0.86,6.0,F,Treadmill,0.0,7.5,31.5,49.0,65.0,87.0,0.139,0.102,ccw,-0.321,2.521,12.496,4.151
S35,T07,Older,68,167.0,70.25,M,R,0.86,6.0,F,Treadmill,0.0,7.5,33.0,47.0,64.5,86.5,0.082,0.165,ccw,-0.231,2.286,0.031,4.315
S35,T08,Older,68,167.0,70.25,M,R,0.86,6.0,VF,Treadmill,0.0,7.0,30.5,44.0,63.0,85.5,0.038,0.144,ccw,-0.056,1.778,0.008,3.885
S36,OC,Older,63,174.3,73.1,M,R,0.96,9.0,C,Overground,0.0,4.5,24.5,47.0,63.5,84.5,0.109,0.128,ccw,1.561,2.857,12.937,5.281
S36,OF,Older,63,174.3,73.1,M,R,0.96,9.0,F,Overground,0.0,5.5,22.5,46.5,62.0,83.0,0.077,0.216,ccw,2.212,1.868,20.0,5.981
S36,OS,Older,63,174.3,73.1,M,R,0.96,9.0,S,Overground,0.0,3.5,24.0,49.0,65.0,83.5,0.12,0.025,ccw,0.949,2.533,9.667,6.009
S36,T02,Older,63,174.3,73.1,M,R,0.96,9.0,VS,Treadmill,0.0,3.5,25.0,52.5,68.5,85.5,0.089,0.048,cw,-0.287,6.763,9.075,6.15
S36,T03,Older,63,174.3,73.1,M,R,0.96,9.0,S,Treadmill,0.0,3.5,22.5,50.0,66.5,85.5,0.131,0.011,cw,-0.249,5.218,10.723,6.803
S36,T04,Older,63,174.3,73.1,M,R,0.96,9.0,S,Treadmill,0.0,5.0,24.5,49.0,65.5,85.5,0.158,0.027,ccw,0.104,3.739,12.578,6.384
S36,T05,Older,63,174.3,73.1,M,R,0.96,9.0,C,Treadmill,0.0,5.0,25.0,48.5,64.5,85.0,0.172,0.023,ccw,0.28,3.248,13.636,6.807
S36,T06,Older,63,174.3,73.1,M,R,0.96,9.0,F,Treadmill,0.0,5.0,24.0,48.0,64.0,83.0,0.136,0.085,ccw,0.64,2.795,21.319,6.869
S37,OC,Older,73,168.2,79.65,M,R,0.85,9.0,C,Overground,0.0,5.5,31.5,47.0,67.5,85.5,0.066,0.051,ccw,1.204,3.309,0.036,4.097
S37,OS,Older,73,168.2,79.65,M,R,0.85,9.0,S,Overground,0.0,4.0,33.0,49.5,67.5,83.5,0.073,0.037,ccw,1.064,2.642,11.479,4.132
S37,T01,Older,73,168.2,79.65,M,R,0.85,9.0,VS,Treadmill,0.0,1.0,30.5,52.0,69.5,86.0,0.058,0.006,ccw,0.006,4.6,12.684,5.891
S37,T02,Older,73,168.2,79.65,M,R,0.85,9.0,VS,Treadmill,0.0,1.0,29.5,51.0,67.5,85.0,0.055,0.014,ccw,-0.01,5.012,0.035,6.434
S37,T03,Older,73,168.2,79.65,M,R,0.85,9.0,S,Treadmill,0.0,2.0,30.5,43.5,67.0,87.0,0.047,0.049,ccw,-0.058,4.861,0.019,6.486
S37,T04,Older,73,168.2,79.65,M,R,0.85,9.0,S,Treadmill,0.0,4.0,30.5,43.5,66.5,85.5,0.064,0.074,ccw,-0.415,3.387,0.029,5.154
S37,T05,Older,73,168.2,79.65,M,R,0.85,9.0,C,Treadmill,0.0,3.0,25.0,44.0,65.0,85.5,0.041,0.07,ccw,-0.246,3.433,-0.006,5.255
S37,T06,Older,73,168.2,79.65,M,R,0.85,9.0,F,Treadmill,0.0,4.5,25.0,44.5,65.0,85.5,0.047,0.113,ccw,-0.572,3.332,-0.054,5.408
S37,T07,Older,73,168.2,79.65,M,R,0.85,9.0,F,Treadmill,0.0,4.5,24.0,45.5,63.5,85.0,0.057,0.146,ccw,-0.347,3.053,-8.418,5.076
S38,OC,Older,56,173.0,76.0,F,R,0.97,13.0,C,Overground,0.0,5.5,24.5,46.0,64.0,85.5,0.134,0.178,ccw,0.752,1.282,8.532,3.596
S38,OF,Older,56,173.0,76.0,F,R,0.97,13.0,F,Overground,0.0,6.0,27.5,45.0,63.5,85.0,0.062,0.28,ccw,1.295,1.084,16.339,3.432
S38,OS,Older,56,173.0,76.0,F,R,0.97,13.0,S,Overground,0.0,6.0,29.0,49.5,66.5,84.5,0.129,0.111,ccw,0.727,1.133,8.182,3.425
S38,T01,Older,56,173.0,76.0,F,R,0.97,13.0,VS,Treadmill,0.0,4.5,41.0,54.0,69.5,82.5,0.128,0.034,cw,-0.154,2.441,6.524,4.053
S38,T02,Older,56,173.0,76.0,F,R,0.97,13.0,VS,Treadmill,0.0,5.5,37.0,52.5,68.5,83.5,0.188,0.002,ccw,-0.056,2.243,8.341,3.946
S38,T03,Older,56,173.0,76.0,F,R,0.97,13.0,S,Treadmill,0.0,5.5,35.0,51.0,67.5,85.0,0.197,0.037,ccw,0.073,2.113,8.89,3.943
S38,T04,Older,56,173.0,76.0,F,R,0.97,13.0,S,Treadmill,0.0,6.0,27.0,50.5,66.0,86.5,0.193,0.047,ccw,0.099,1.591,8.929,4.148
S38,T05,Older,56,173.0,76.0,F,R,0.97,13.0,C,Treadmill,0.0,6.0,26.0,48.0,65.5,86.0,0.178,0.137,ccw,0.177,1.199,10.206,3.725
S38,T06,Older,56,173.0,76.0,F,R,0.97,13.0,F,Treadmill,0.0,6.0,28.0,45.0,64.5,86.5,0.152,0.245,ccw,0.188,1.527,17.958,4.124
S38,T07,Older,56,173.0,76.0,F,R,0.97,13.0,F,Treadmill,0.0,6.0,26.0,44.0,63.0,85.5,0.106,0.231,ccw,0.246,1.217,24.898,4.418
S38,T08,Older,56,173.0,76.0,F,R,0.97,13.0,VF,Treadmill,0.0,6.5,26.0,42.5,62.0,86.5,0.07,0.238,ccw,0.246,1.052,0.002,4.566
S39,OC,Older,84,155.5,66.35,M,R,0.79,11.0,C,Overground,0.0,3.5,35.0,48.0,66.0,85.5,0.072,0.088,ccw,0.982,2.789,0.016,3.72
S39,OF,Older,84,155.5,66.35,M,R,0.79,11.0,F,Overground,0.0,4.0,30.5,43.5,66.0,85.5,0.069,0.165,ccw,0.93,2.569,0.027,3.596
S39,OS,Older,84,155.5,66.35,M,R,0.79,11.0,S,Overground,0.0,3.5,27.0,46.5,66.5,81.5,0.121,0.036,ccw,0.588,2.068,6.477,3.783
S39,T01,Older,84,155.5,66.35,M,R,0.79,11.0,VS,Treadmill,0.0,1.5,31.0,56.5,70.0,83.0,0.055,0.086,cw,0.019,2.148,4.784,3.803
S39,T02,Older,84,155.5,66.35,M,R,0.79,11.0,VS,Treadmill,0.0,1.5,30.0,53.0,68.5,84.5,0.076,0.074,cw,-0.035,2.717,6.78,4.42
S39,T03,Older,84,155.5,66.35,M,R,0.79,11.0,S,Treadmill,0.0,1.5,31.0,49.5,66.5,85.5,0.094,0.011,cw,-0.047,3.767,0.061,4.81
S39,T04,Older,84,155.5,66.35,M,R,0.79,11.0,S,Treadmill,0.0,2.0,30.5,44.5,66.0,86.0,0.085,0.071,ccw,-0.108,3.625,-0.065,4.313
S39,T05,Older,84,155.5,66.35,M,R,0.79,11.0,C,Treadmill,0.0,3.0,22.0,37.0,66.5,87.0,0.087,0.099,ccw,-0.272,2.324,7.902,3.748
S39,T06,Older,84,155.5,66.35,M,R,0.79,11.0,F,Treadmill,0.0,2.5,26.0,47.0,65.5,88.5,0.082,0.17,ccw,0.0,3.84,-4.814,4.265
S40,OC,Older,68,147.0,49.2,F,L,0.71,11.0,C,Overground,0.0,5.5,26.5,42.5,64.0,87.5,0.055,0.227,ccw,1.545,1.999,10.42,2.606
S40,OF,Older,68,147.0,49.2,F,L,0.71,11.0,F,Overground,0.0,5.0,20.5,35.0,61.0,87.5,0.017,0.329,ccw,1.46,2.274,-2.654,2.166
S40,OS,Older,68,147.0,49.2,F,L,0.71,11.0,S,Overground,0.0,5.5,28.5,46.0,63.5,81.5,0.095,0.114,ccw,1.282,1.794,6.582,2.49
S40,T01,Older,68,147.0,49.2,F,L,0.71,11.0,VS,Treadmill,0.0,4.0,26.5,51.5,68.5,83.5,0.13,0.018,cw,-0.692,2.478,3.74,2.971
S40,T02,Older,68,147.0,49.2,F,L,0.71,11.0,VS,Treadmill,0.0,4.0,28.5,50.5,67.5,85.0,0.131,0.019,ccw,-0.495,1.843,5.935,3.156
S40,T03,Older,68,147.0,49.2,F,L,0.71,11.0,S,Treadmill,0.0,5.0,25.5,48.5,66.5,87.0,0.118,0.079,ccw,-0.434,1.637,7.696,3.282
S40,T04,Older,68,147.0,49.2,F,L,0.71,11.0,S,Treadmill,0.0,5.5,29.5,44.5,64.0,87.5,0.099,0.148,ccw,-1.367,1.773,10.108,3.434
S40,T05,Older,68,147.0,49.2,F,L,0.71,11.0,C,Treadmill,0.0,6.0,29.0,43.0,64.5,89.5,0.09,0.194,ccw,-0.262,1.627,11.744,3.222
S40,T06,Older,68,147.0,49.2,F,L,0.71,11.0,F,Treadmill,0.0,6.5,26.0,39.5,63.0,90.0,0.068,0.293,ccw,-0.574,1.801,0.037,3.304
S40,T07,Older,68,147.0,49.2,F,L,0.71,11.0,F,Treadmill,0.0,6.5,22.0,37.0,62.0,91.5,0.049,0.362,ccw,-0.351,1.611,-9.782,2.964
S40,T08,Older,68,147.0,49.2,F,L,0.71,11.0,VF,Treadmill,0.0,5.5,20.5,33.5,62.0,92.5,0.061,0.282,ccw,-0.371,0.952,-3.216,2.527
S41,OC,Older,55,149.5,74.05,F,R,0.75,9.0,C,Overground,0.0,7.0,29.5,44.5,66.0,85.0,0.064,0.13,ccw,0.858,2.023,8.713,2.933
S41,OF,Older,55,149.5,74.05,F,R,0.75,9.0,F,Overground,0.0,6.5,26.5,41.5,65.5,86.0,0.039,0.177,ccw,1.062,1.813,0.061,2.871
S41,OS,Older,55,149.5,74.05,F,R,0.75,9.0,S,Overground,0.0,5.5,34.5,51.5,69.5,85.0,0.07,0.047,ccw,0.629,1.309,8.653,3.028
S41,T01,Older,55,149.5,74.05,F,R,0.75,9.0,VS,Treadmill,0.0,2.5,23.5,53.0,71.5,84.5,0.091,0.029,cw,-0.297,2.392,3.89,3.855
S41,T02,Older,55,149.5,74.05,F,R,0.75,9.0,VS,Treadmill,0.0,4.0,31.0,52.0,68.5,84.0,0.103,0.02,cw,-0.242,2.863,7.067,4.483
S41,T03,Older,55,149.5,74.05,F,R,0.75,9.0,S,Treadmill,0.0,5.5,32.5,48.0,68.5,84.5,0.119,0.039,ccw,-0.166,2.409,8.583,3.724
S41,T04,Older,55,149.5,74.05,F,R,0.75,9.0,S,Treadmill,0.0,6.5,31.5,49.0,68.5,85.0,0.1,0.042,ccw,-0.216,2.15,11.144,3.641
S41,T05,Older,55,149.5,74.05,F,R,0.75,9.0,C,Treadmill,0.0,6.5,30.0,45.0,66.0,84.0,0.095,0.089,ccw,-0.158,2.29,0.054,3.864
S41,T06,Older,55,149.5,74.05,F,R,0.75,9.0,F,Treadmill,0.0,6.5,30.5,44.0,65.5,84.0,0.08,0.162,ccw,-0.029,2.111,0.034,3.701
S41,T07,Older,55,149.5,74.05,F,R,0.75,9.0,F,Treadmill,0.0,7.0,29.0,44.0,65.0,85.0,0.054,0.218,ccw,0.07,1.792,-0.004,3.702
S41,T08,Older,55,149.5,74.05,F,R,0.75,9.0,VF,Treadmill,0.0,7.0,26.0,41.5,64.0,84.5,0.061,0.261,ccw,0.168,1.812,-0.042,3.526
S42,OC,Older,63,161.2,59.85,F,R,0.82,9.0,C,Overground,0.0,5.5,31.5,47.5,65.5,81.0,0.109,0.09,ccw,1.078,1.888,9.379,4.093
S42,OF,Older,63,161.2,59.85,F,R,0.82,9.0,F,Overground,0.0,5.5,26.0,48.5,65.0,81.5,0.102,0.084,ccw,1.58,1.478,10.644,4.304
S42,T01,Older,63,161.2,59.85,F,R,0.82,9.0,VS,Treadmill,0.0,4.5,23.0,52.0,73.0,88.0,0.095,0.024,cw,-0.193,5.466,6.07,7.739
S42,T02,Older,63,161.2,59.85,F,R,0.82,9.0,VS,Treadmill,0.0,3.5,30.0,46.5,68.5,82.0,0.128,0.004,ccw,-0.176,4.649,8.88,6.913
S42,T03,Older,63,161.2,59.85,F,R,0.82,9.0,S,Treadmill,0.0,4.5,32.5,50.5,65.5,81.0,0.095,0.021,cw,-0.308,3.635,11.09,6.858
S42,T04,Older,63,161.2,59.85,F,R,0.82,9.0,S,Treadmill,0.0,5.5,25.5,41.0,65.5,81.0,0.105,0.008,ccw,0.025,3.327,9.921,7.74
S42,T05,Older,63,161.2,59.85,F,R,0.82,9.0,C,Treadmill,0.0,5.5,30.5,46.0,66.5,82.0,0.125,0.05,ccw,-0.094,3.176,14.573,5.755
S42,T06,Older,63,161.2,59.85,F,R,0.82,9.0,F,Treadmill,0.0,5.5,30.0,45.5,64.5,80.5,0.109,0.048,ccw,-0.02,2.772,16.099,6.419
S42,T07,Older,63,161.2,59.85,F,R,0.82,9.0,F,Treadmill,0.0,6.0,31.5,47.0,64.5,80.5,0.104,0.061,ccw,0.069,3.215,19.007,6.91
S42,T08,Older,63,161.2,59.85,F,R,0.82,9.0,VF,Treadmill,0.0,6.5,30.0,43.0,64.0,81.0,0.086,0.093,ccw,0.219,2.826,17.69,6.442
